OLD_HILS_RECEIVE_PROCESS_1,15
OLD_HILS_RECEIVE_PROCESS_2,7
OLD_HILS_RECEIVE_PROCESS_3,6
OLD_HILS_RECEIVE_PROCESS_4,6
OLD_HILS_RECEIVE_PROCESS_5,13
OLD_HILS_RECEIVE_PROCESS_6,6
OLD_HILS_RECEIVE_PROCESS_7,14
OLD_HILS_RECEIVE_PROCESS_8,15
OLD_HILS_RECEIVE_PROCESS_9,6
OLD_HILS_RECEIVE_PROCESS_10,6
OLD_HILS_RECEIVE_PROCESS_11,6
OLD_HILS_RECEIVE_PROCESS_12,7
OLD_HILS_RECEIVE_PROCESS_13,13
OLD_HILS_RECEIVE_PROCESS_14,6
OLD_HILS_RECEIVE_PROCESS_15,13
OLD_HILS_RECEIVE_PROCESS_16,13
OLD_HILS_RECEIVE_PROCESS_17,13
OLD_HILS_RECEIVE_PROCESS_18,8
OLD_HILS_RECEIVE_PROCESS_19,14
OLD_HILS_RECEIVE_PROCESS_20,14
OLD_HILS_RECEIVE_PROCESS_21,6
OLD_HILS_RECEIVE_PROCESS_22,13
OLD_HILS_RECEIVE_PROCESS_23,12
OLD_HILS_RECEIVE_PROCESS_24,13
OLD_HILS_RECEIVE_PROCESS_25,15
OLD_HILS_RECEIVE_PROCESS_26,5
OLD_HILS_RECEIVE_PROCESS_27,6
OLD_HILS_RECEIVE_PROCESS_28,6
OLD_HILS_RECEIVE_PROCESS_29,13
OLD_HILS_RECEIVE_PROCESS_30,7
OLD_HILS_RECEIVE_PROCESS_31,12
OLD_HILS_RECEIVE_PROCESS_32,5
OLD_HILS_RECEIVE_PROCESS_33,12
OLD_HILS_RECEIVE_PROCESS_34,15
OLD_HILS_RECEIVE_PROCESS_35,12
OLD_HILS_RECEIVE_PROCESS_36,12
OLD_HILS_RECEIVE_PROCESS_37,7
OLD_HILS_RECEIVE_PROCESS_38,11
OLD_HILS_RECEIVE_PROCESS_39,6
OLD_HILS_RECEIVE_PROCESS_40,13
OLD_HILS_RECEIVE_PROCESS_41,14
OLD_HILS_RECEIVE_PROCESS_42,7
OLD_HILS_RECEIVE_PROCESS_43,9
OLD_HILS_RECEIVE_PROCESS_44,6
OLD_HILS_RECEIVE_PROCESS_45,13
OLD_HILS_RECEIVE_PROCESS_46,14
OLD_HILS_RECEIVE_PROCESS_47,5
OLD_HILS_RECEIVE_PROCESS_48,13
OLD_HILS_RECEIVE_PROCESS_49,13
OLD_HILS_RECEIVE_PROCESS_50,12
OLD_HILS_RECEIVE_PROCESS_51,16
OLD_HILS_RECEIVE_PROCESS_52,12
OLD_HILS_RECEIVE_PROCESS_53,15
OLD_HILS_RECEIVE_PROCESS_54,6
OLD_HILS_RECEIVE_PROCESS_55,6
OLD_HILS_RECEIVE_PROCESS_56,8
OLD_HILS_RECEIVE_PROCESS_57,7
OLD_HILS_RECEIVE_PROCESS_58,7
OLD_HILS_RECEIVE_PROCESS_59,14
OLD_HILS_RECEIVE_PROCESS_60,6
OLD_HILS_RECEIVE_PROCESS_61,6
OLD_HILS_RECEIVE_PROCESS_62,14
OLD_HILS_RECEIVE_PROCESS_63,13
OLD_HILS_RECEIVE_PROCESS_64,12
OLD_HILS_RECEIVE_PROCESS_65,6
OLD_HILS_RECEIVE_PROCESS_66,7
OLD_HILS_RECEIVE_PROCESS_67,12
OLD_HILS_RECEIVE_PROCESS_68,12
OLD_HILS_RECEIVE_PROCESS_69,12
OLD_HILS_RECEIVE_PROCESS_70,7
OLD_HILS_RECEIVE_PROCESS_71,12
OLD_HILS_RECEIVE_PROCESS_72,12
OLD_HILS_RECEIVE_PROCESS_73,13
OLD_HILS_RECEIVE_PROCESS_74,5
OLD_HILS_RECEIVE_PROCESS_75,8
OLD_HILS_RECEIVE_PROCESS_76,12
OLD_HILS_RECEIVE_PROCESS_77,7
OLD_HILS_RECEIVE_PROCESS_78,5
OLD_HILS_RECEIVE_PROCESS_79,6
OLD_HILS_RECEIVE_PROCESS_80,6
OLD_HILS_RECEIVE_PROCESS_81,13
OLD_HILS_RECEIVE_PROCESS_82,14
OLD_HILS_RECEIVE_PROCESS_83,13
OLD_HILS_RECEIVE_PROCESS_84,13
OLD_HILS_RECEIVE_PROCESS_85,14
OLD_HILS_RECEIVE_PROCESS_86,15
OLD_HILS_RECEIVE_PROCESS_87,14
OLD_HILS_RECEIVE_PROCESS_88,15
OLD_HILS_RECEIVE_PROCESS_89,6
OLD_HILS_RECEIVE_PROCESS_90,11
OLD_HILS_RECEIVE_PROCESS_91,13
OLD_HILS_RECEIVE_PROCESS_92,6
OLD_HILS_RECEIVE_PROCESS_93,7
OLD_HILS_RECEIVE_PROCESS_94,6
OLD_HILS_RECEIVE_PROCESS_95,13
OLD_HILS_RECEIVE_PROCESS_96,7
OLD_HILS_RECEIVE_PROCESS_97,5
OLD_HILS_RECEIVE_PROCESS_98,12
OLD_HILS_RECEIVE_PROCESS_99,6
OLD_HILS_RECEIVE_PROCESS_100,12
OLD_HILS_RECEIVE_PROCESS_101,7
OLD_HILS_RECEIVE_PROCESS_102,6
OLD_HILS_RECEIVE_PROCESS_103,14
OLD_HILS_RECEIVE_PROCESS_104,6
OLD_HILS_RECEIVE_PROCESS_105,5
OLD_HILS_RECEIVE_PROCESS_106,13
OLD_HILS_RECEIVE_PROCESS_107,9
OLD_HILS_RECEIVE_PROCESS_108,15
OLD_HILS_RECEIVE_PROCESS_109,13
OLD_HILS_RECEIVE_PROCESS_110,12
OLD_HILS_RECEIVE_PROCESS_111,7
OLD_HILS_RECEIVE_PROCESS_112,13
OLD_HILS_RECEIVE_PROCESS_113,15
OLD_HILS_RECEIVE_PROCESS_114,6
OLD_HILS_RECEIVE_PROCESS_115,7
OLD_HILS_RECEIVE_PROCESS_116,12
OLD_HILS_RECEIVE_PROCESS_117,14
OLD_HILS_RECEIVE_PROCESS_118,13
OLD_HILS_RECEIVE_PROCESS_119,6
OLD_HILS_RECEIVE_PROCESS_120,6
OLD_HILS_RECEIVE_PROCESS_121,8
OLD_HILS_RECEIVE_PROCESS_122,13
OLD_HILS_RECEIVE_PROCESS_123,7
OLD_HILS_RECEIVE_PROCESS_124,12
OLD_HILS_RECEIVE_PROCESS_125,13
OLD_HILS_RECEIVE_PROCESS_126,7
OLD_HILS_RECEIVE_PROCESS_127,12
OLD_HILS_RECEIVE_PROCESS_128,9
OLD_HILS_RECEIVE_PROCESS_129,6
OLD_HILS_RECEIVE_PROCESS_130,6
OLD_HILS_RECEIVE_PROCESS_131,11
OLD_HILS_RECEIVE_PROCESS_132,13
OLD_HILS_RECEIVE_PROCESS_133,6
OLD_HILS_RECEIVE_PROCESS_134,6
OLD_HILS_RECEIVE_PROCESS_135,16
OLD_HILS_RECEIVE_PROCESS_136,12
OLD_HILS_RECEIVE_PROCESS_137,13
OLD_HILS_RECEIVE_PROCESS_138,7
OLD_HILS_RECEIVE_PROCESS_139,13
OLD_HILS_RECEIVE_PROCESS_140,7
OLD_HILS_RECEIVE_PROCESS_141,16
OLD_HILS_RECEIVE_PROCESS_142,7
OLD_HILS_RECEIVE_PROCESS_143,6
OLD_HILS_RECEIVE_PROCESS_144,7
OLD_HILS_RECEIVE_PROCESS_145,13
OLD_HILS_RECEIVE_PROCESS_146,12
OLD_HILS_RECEIVE_PROCESS_147,13
OLD_HILS_RECEIVE_PROCESS_148,5
OLD_HILS_RECEIVE_PROCESS_149,5
OLD_HILS_RECEIVE_PROCESS_150,14
OLD_HILS_RECEIVE_PROCESS_151,14
OLD_HILS_RECEIVE_PROCESS_152,13
OLD_HILS_RECEIVE_PROCESS_153,13
OLD_HILS_RECEIVE_PROCESS_154,7
OLD_HILS_RECEIVE_PROCESS_155,5
OLD_HILS_RECEIVE_PROCESS_156,14
OLD_HILS_RECEIVE_PROCESS_157,14
OLD_HILS_RECEIVE_PROCESS_158,7
OLD_HILS_RECEIVE_PROCESS_159,14
OLD_HILS_RECEIVE_PROCESS_160,7
OLD_HILS_RECEIVE_PROCESS_161,5
OLD_HILS_RECEIVE_PROCESS_162,13
OLD_HILS_RECEIVE_PROCESS_163,13
OLD_HILS_RECEIVE_PROCESS_164,7
OLD_HILS_RECEIVE_PROCESS_165,12
OLD_HILS_RECEIVE_PROCESS_166,14
OLD_HILS_RECEIVE_PROCESS_167,7
OLD_HILS_RECEIVE_PROCESS_168,14
OLD_HILS_RECEIVE_PROCESS_169,14
OLD_HILS_RECEIVE_PROCESS_170,13
OLD_HILS_RECEIVE_PROCESS_171,15
OLD_HILS_RECEIVE_PROCESS_172,14
OLD_HILS_RECEIVE_PROCESS_173,13
OLD_HILS_RECEIVE_PROCESS_174,8
OLD_HILS_RECEIVE_PROCESS_175,13
OLD_HILS_RECEIVE_PROCESS_176,12
OLD_HILS_RECEIVE_PROCESS_177,5
OLD_HILS_RECEIVE_PROCESS_178,11
OLD_HILS_RECEIVE_PROCESS_179,12
OLD_HILS_RECEIVE_PROCESS_180,5
OLD_HILS_RECEIVE_PROCESS_181,6
OLD_HILS_RECEIVE_PROCESS_182,7
OLD_HILS_RECEIVE_PROCESS_183,13
OLD_HILS_RECEIVE_PROCESS_184,12
OLD_HILS_RECEIVE_PROCESS_185,12
OLD_HILS_RECEIVE_PROCESS_186,12
OLD_HILS_RECEIVE_PROCESS_187,12
OLD_HILS_RECEIVE_PROCESS_188,12
OLD_HILS_RECEIVE_PROCESS_189,6
OLD_HILS_RECEIVE_PROCESS_190,13
OLD_HILS_RECEIVE_PROCESS_191,6
OLD_HILS_RECEIVE_PROCESS_192,6
OLD_HILS_RECEIVE_PROCESS_193,16
OLD_HILS_RECEIVE_PROCESS_194,7
OLD_HILS_RECEIVE_PROCESS_195,7
OLD_HILS_RECEIVE_PROCESS_196,6
OLD_HILS_RECEIVE_PROCESS_197,6
OLD_HILS_RECEIVE_PROCESS_198,6
OLD_HILS_RECEIVE_PROCESS_199,12
OLD_HILS_RECEIVE_PROCESS_200,7
OLD_HILS_RECEIVE_PROCESS_201,12
OLD_HILS_RECEIVE_PROCESS_202,13
OLD_HILS_RECEIVE_PROCESS_203,14
OLD_HILS_RECEIVE_PROCESS_204,12
OLD_HILS_RECEIVE_PROCESS_205,6
OLD_HILS_RECEIVE_PROCESS_206,14
OLD_HILS_RECEIVE_PROCESS_207,6
OLD_HILS_RECEIVE_PROCESS_208,6
OLD_HILS_RECEIVE_PROCESS_209,12
OLD_HILS_RECEIVE_PROCESS_210,6
OLD_HILS_RECEIVE_PROCESS_211,7
OLD_HILS_RECEIVE_PROCESS_212,12
OLD_HILS_RECEIVE_PROCESS_213,12
OLD_HILS_RECEIVE_PROCESS_214,13
OLD_HILS_RECEIVE_PROCESS_215,13
OLD_HILS_RECEIVE_PROCESS_216,12
OLD_HILS_RECEIVE_PROCESS_217,14
OLD_HILS_RECEIVE_PROCESS_218,14
OLD_HILS_RECEIVE_PROCESS_219,6
OLD_HILS_RECEIVE_PROCESS_220,14
OLD_HILS_RECEIVE_PROCESS_221,13
OLD_HILS_RECEIVE_PROCESS_222,7
OLD_HILS_RECEIVE_PROCESS_223,13
OLD_HILS_RECEIVE_PROCESS_224,6
OLD_HILS_RECEIVE_PROCESS_225,15
OLD_HILS_RECEIVE_PROCESS_226,14
OLD_HILS_RECEIVE_PROCESS_227,13
OLD_HILS_RECEIVE_PROCESS_228,6
OLD_HILS_RECEIVE_PROCESS_229,5
OLD_HILS_RECEIVE_PROCESS_230,9
OLD_HILS_RECEIVE_PROCESS_231,13
OLD_HILS_RECEIVE_PROCESS_232,6
OLD_HILS_RECEIVE_PROCESS_233,5
OLD_HILS_RECEIVE_PROCESS_234,5
OLD_HILS_RECEIVE_PROCESS_235,14
OLD_HILS_RECEIVE_PROCESS_236,6
OLD_HILS_RECEIVE_PROCESS_237,6
OLD_HILS_RECEIVE_PROCESS_238,5
OLD_HILS_RECEIVE_PROCESS_239,6
OLD_HILS_RECEIVE_PROCESS_240,6
OLD_HILS_RECEIVE_PROCESS_241,14
OLD_HILS_RECEIVE_PROCESS_242,6
OLD_HILS_RECEIVE_PROCESS_243,12
OLD_HILS_RECEIVE_PROCESS_244,15
OLD_HILS_RECEIVE_PROCESS_245,14
OLD_HILS_RECEIVE_PROCESS_246,5
OLD_HILS_RECEIVE_PROCESS_247,5
OLD_HILS_RECEIVE_PROCESS_248,5
OLD_HILS_RECEIVE_PROCESS_249,6
OLD_HILS_RECEIVE_PROCESS_250,14
OLD_HILS_RECEIVE_PROCESS_251,14
OLD_HILS_RECEIVE_PROCESS_252,5
OLD_HILS_RECEIVE_PROCESS_253,11
OLD_HILS_RECEIVE_PROCESS_254,13
OLD_HILS_RECEIVE_PROCESS_255,13
OLD_HILS_RECEIVE_PROCESS_256,12
OLD_HILS_RECEIVE_PROCESS_257,7
OLD_HILS_RECEIVE_PROCESS_258,6
OLD_HILS_RECEIVE_PROCESS_259,5
OLD_HILS_RECEIVE_PROCESS_260,12
OLD_HILS_RECEIVE_PROCESS_261,14
OLD_HILS_RECEIVE_PROCESS_262,14
OLD_HILS_RECEIVE_PROCESS_263,13
OLD_HILS_RECEIVE_PROCESS_264,5
OLD_HILS_RECEIVE_PROCESS_265,6
OLD_HILS_RECEIVE_PROCESS_266,13
OLD_HILS_RECEIVE_PROCESS_267,9
OLD_HILS_RECEIVE_PROCESS_268,12
OLD_HILS_RECEIVE_PROCESS_269,12
OLD_HILS_RECEIVE_PROCESS_270,14
OLD_HILS_RECEIVE_PROCESS_271,14
OLD_HILS_RECEIVE_PROCESS_272,5
OLD_HILS_RECEIVE_PROCESS_273,15
OLD_HILS_RECEIVE_PROCESS_274,12
OLD_HILS_RECEIVE_PROCESS_275,6
OLD_HILS_RECEIVE_PROCESS_276,13
OLD_HILS_RECEIVE_PROCESS_277,5
OLD_HILS_RECEIVE_PROCESS_278,5
OLD_HILS_RECEIVE_PROCESS_279,14
OLD_HILS_RECEIVE_PROCESS_280,7
OLD_HILS_RECEIVE_PROCESS_281,12
OLD_HILS_RECEIVE_PROCESS_282,6
OLD_HILS_RECEIVE_PROCESS_283,5
OLD_HILS_RECEIVE_PROCESS_284,6
OLD_HILS_RECEIVE_PROCESS_285,6
OLD_HILS_RECEIVE_PROCESS_286,14
OLD_HILS_RECEIVE_PROCESS_287,6
OLD_HILS_RECEIVE_PROCESS_288,14
OLD_HILS_RECEIVE_PROCESS_289,14
OLD_HILS_RECEIVE_PROCESS_290,12
OLD_HILS_RECEIVE_PROCESS_291,7
OLD_HILS_RECEIVE_PROCESS_292,5
OLD_HILS_RECEIVE_PROCESS_293,7
OLD_HILS_RECEIVE_PROCESS_294,6
OLD_HILS_RECEIVE_PROCESS_295,7
OLD_HILS_RECEIVE_PROCESS_296,12
OLD_HILS_RECEIVE_PROCESS_297,12
OLD_HILS_RECEIVE_PROCESS_298,12
OLD_HILS_RECEIVE_PROCESS_299,14
OLD_HILS_RECEIVE_PROCESS_300,14
OLD_HILS_RECEIVE_PROCESS_301,13
OLD_HILS_RECEIVE_PROCESS_302,5
OLD_HILS_RECEIVE_PROCESS_303,12
OLD_HILS_RECEIVE_PROCESS_304,6
OLD_HILS_RECEIVE_PROCESS_305,6
OLD_HILS_RECEIVE_PROCESS_306,6
OLD_HILS_RECEIVE_PROCESS_307,13
OLD_HILS_RECEIVE_PROCESS_308,15
OLD_HILS_RECEIVE_PROCESS_309,6
OLD_HILS_RECEIVE_PROCESS_310,13
OLD_HILS_RECEIVE_PROCESS_311,6
OLD_HILS_RECEIVE_PROCESS_312,15
OLD_HILS_RECEIVE_PROCESS_313,15
OLD_HILS_RECEIVE_PROCESS_314,13
OLD_HILS_RECEIVE_PROCESS_315,6
OLD_HILS_RECEIVE_PROCESS_316,6
OLD_HILS_RECEIVE_PROCESS_317,14
OLD_HILS_RECEIVE_PROCESS_318,5
OLD_HILS_RECEIVE_PROCESS_319,13
OLD_HILS_RECEIVE_PROCESS_320,12
OLD_HILS_RECEIVE_PROCESS_321,13
OLD_HILS_RECEIVE_PROCESS_322,7
OLD_HILS_RECEIVE_PROCESS_323,14
OLD_HILS_RECEIVE_PROCESS_324,13
OLD_HILS_RECEIVE_PROCESS_325,14
OLD_HILS_RECEIVE_PROCESS_326,13
OLD_HILS_RECEIVE_PROCESS_327,13
OLD_HILS_RECEIVE_PROCESS_328,13
OLD_HILS_RECEIVE_PROCESS_329,5
OLD_HILS_RECEIVE_PROCESS_330,7
OLD_HILS_RECEIVE_PROCESS_331,12
OLD_HILS_RECEIVE_PROCESS_332,7
OLD_HILS_RECEIVE_PROCESS_333,6
OLD_HILS_RECEIVE_PROCESS_334,12
OLD_HILS_RECEIVE_PROCESS_335,13
OLD_HILS_RECEIVE_PROCESS_336,13
OLD_HILS_RECEIVE_PROCESS_337,15
OLD_HILS_RECEIVE_PROCESS_338,7
OLD_HILS_RECEIVE_PROCESS_339,12
OLD_HILS_RECEIVE_PROCESS_340,7
OLD_HILS_RECEIVE_PROCESS_341,6
OLD_HILS_RECEIVE_PROCESS_342,12
OLD_HILS_RECEIVE_PROCESS_343,8
OLD_HILS_RECEIVE_PROCESS_344,10
OLD_HILS_RECEIVE_PROCESS_345,13
OLD_HILS_RECEIVE_PROCESS_346,5
OLD_HILS_RECEIVE_PROCESS_347,6
OLD_HILS_RECEIVE_PROCESS_348,7
OLD_HILS_RECEIVE_PROCESS_349,14
OLD_HILS_RECEIVE_PROCESS_350,13
OLD_HILS_RECEIVE_PROCESS_351,14
OLD_HILS_RECEIVE_PROCESS_352,7
OLD_HILS_RECEIVE_PROCESS_353,13
OLD_HILS_RECEIVE_PROCESS_354,13
OLD_HILS_RECEIVE_PROCESS_355,12
OLD_HILS_RECEIVE_PROCESS_356,6
OLD_HILS_RECEIVE_PROCESS_357,15
OLD_HILS_RECEIVE_PROCESS_358,11
OLD_HILS_RECEIVE_PROCESS_359,15
OLD_HILS_RECEIVE_PROCESS_360,8
OLD_HILS_RECEIVE_PROCESS_361,7
OLD_HILS_RECEIVE_PROCESS_362,14
OLD_HILS_RECEIVE_PROCESS_363,14
OLD_HILS_RECEIVE_PROCESS_364,14
OLD_HILS_RECEIVE_PROCESS_365,13
OLD_HILS_RECEIVE_PROCESS_366,6
OLD_HILS_RECEIVE_PROCESS_367,13
OLD_HILS_RECEIVE_PROCESS_368,6
OLD_HILS_RECEIVE_PROCESS_369,7
OLD_HILS_RECEIVE_PROCESS_370,5
OLD_HILS_RECEIVE_PROCESS_371,13
OLD_HILS_RECEIVE_PROCESS_372,12
OLD_HILS_RECEIVE_PROCESS_373,6
OLD_HILS_RECEIVE_PROCESS_374,7
OLD_HILS_RECEIVE_PROCESS_375,11
OLD_HILS_RECEIVE_PROCESS_376,14
OLD_HILS_RECEIVE_PROCESS_377,12
OLD_HILS_RECEIVE_PROCESS_378,14
OLD_HILS_RECEIVE_PROCESS_379,11
OLD_HILS_RECEIVE_PROCESS_380,11
OLD_HILS_RECEIVE_PROCESS_381,6
OLD_HILS_RECEIVE_PROCESS_382,14
OLD_HILS_RECEIVE_PROCESS_383,13
OLD_HILS_RECEIVE_PROCESS_384,14
OLD_HILS_RECEIVE_PROCESS_385,6
OLD_HILS_RECEIVE_PROCESS_386,7
OLD_HILS_RECEIVE_PROCESS_387,7
OLD_HILS_RECEIVE_PROCESS_388,13
OLD_HILS_RECEIVE_PROCESS_389,6
OLD_HILS_RECEIVE_PROCESS_390,13
OLD_HILS_RECEIVE_PROCESS_391,15
OLD_HILS_RECEIVE_PROCESS_392,5
OLD_HILS_RECEIVE_PROCESS_393,13
OLD_HILS_RECEIVE_PROCESS_394,13
OLD_HILS_RECEIVE_PROCESS_395,13
OLD_HILS_RECEIVE_PROCESS_396,5
OLD_HILS_RECEIVE_PROCESS_397,15
OLD_HILS_RECEIVE_PROCESS_398,12
OLD_HILS_RECEIVE_PROCESS_399,6
OLD_HILS_RECEIVE_PROCESS_400,14
OLD_HILS_RECEIVE_PROCESS_401,14
OLD_HILS_RECEIVE_PROCESS_402,6
OLD_HILS_RECEIVE_PROCESS_403,7
OLD_HILS_RECEIVE_PROCESS_404,6
OLD_HILS_RECEIVE_PROCESS_405,6
OLD_HILS_RECEIVE_PROCESS_406,12
OLD_HILS_RECEIVE_PROCESS_407,14
OLD_HILS_RECEIVE_PROCESS_408,14
OLD_HILS_RECEIVE_PROCESS_409,11
OLD_HILS_RECEIVE_PROCESS_410,14
OLD_HILS_RECEIVE_PROCESS_411,6
OLD_HILS_RECEIVE_PROCESS_412,12
OLD_HILS_RECEIVE_PROCESS_413,14
OLD_HILS_RECEIVE_PROCESS_414,7
OLD_HILS_RECEIVE_PROCESS_415,12
OLD_HILS_RECEIVE_PROCESS_416,12
OLD_HILS_RECEIVE_PROCESS_417,14
OLD_HILS_RECEIVE_PROCESS_418,13
OLD_HILS_RECEIVE_PROCESS_419,14
OLD_HILS_RECEIVE_PROCESS_420,13
OLD_HILS_RECEIVE_PROCESS_421,13
OLD_HILS_RECEIVE_PROCESS_422,6
OLD_HILS_RECEIVE_PROCESS_423,12
OLD_HILS_RECEIVE_PROCESS_424,13
OLD_HILS_RECEIVE_PROCESS_425,13
OLD_HILS_RECEIVE_PROCESS_426,14
OLD_HILS_RECEIVE_PROCESS_427,14
OLD_HILS_RECEIVE_PROCESS_428,5
OLD_HILS_RECEIVE_PROCESS_429,14
OLD_HILS_RECEIVE_PROCESS_430,6
OLD_HILS_RECEIVE_PROCESS_431,6
OLD_HILS_RECEIVE_PROCESS_432,7
OLD_HILS_RECEIVE_PROCESS_433,6
OLD_HILS_RECEIVE_PROCESS_434,6
OLD_HILS_RECEIVE_PROCESS_435,14
OLD_HILS_RECEIVE_PROCESS_436,7
OLD_HILS_RECEIVE_PROCESS_437,5
OLD_HILS_RECEIVE_PROCESS_438,15
OLD_HILS_RECEIVE_PROCESS_439,12
OLD_HILS_RECEIVE_PROCESS_440,15
OLD_HILS_RECEIVE_PROCESS_441,13
OLD_HILS_RECEIVE_PROCESS_442,6
OLD_HILS_RECEIVE_PROCESS_443,6
OLD_HILS_RECEIVE_PROCESS_444,13
OLD_HILS_RECEIVE_PROCESS_445,11
OLD_HILS_RECEIVE_PROCESS_446,14
OLD_HILS_RECEIVE_PROCESS_447,6
OLD_HILS_RECEIVE_PROCESS_448,15
OLD_HILS_RECEIVE_PROCESS_449,14
OLD_HILS_RECEIVE_PROCESS_450,13
OLD_HILS_RECEIVE_PROCESS_451,14
OLD_HILS_RECEIVE_PROCESS_452,7
OLD_HILS_RECEIVE_PROCESS_453,12
OLD_HILS_RECEIVE_PROCESS_454,6
OLD_HILS_RECEIVE_PROCESS_455,14
OLD_HILS_RECEIVE_PROCESS_456,14
OLD_HILS_RECEIVE_PROCESS_457,7
OLD_HILS_RECEIVE_PROCESS_458,15
OLD_HILS_RECEIVE_PROCESS_459,14
OLD_HILS_RECEIVE_PROCESS_460,12
OLD_HILS_RECEIVE_PROCESS_461,6
OLD_HILS_RECEIVE_PROCESS_462,12
OLD_HILS_RECEIVE_PROCESS_463,13
OLD_HILS_RECEIVE_PROCESS_464,13
OLD_HILS_RECEIVE_PROCESS_465,12
OLD_HILS_RECEIVE_PROCESS_466,7
OLD_HILS_RECEIVE_PROCESS_467,6
OLD_HILS_RECEIVE_PROCESS_468,7
OLD_HILS_RECEIVE_PROCESS_469,12
OLD_HILS_RECEIVE_PROCESS_470,13
OLD_HILS_RECEIVE_PROCESS_471,15
OLD_HILS_RECEIVE_PROCESS_472,15
OLD_HILS_RECEIVE_PROCESS_473,13
OLD_HILS_RECEIVE_PROCESS_474,9
OLD_HILS_RECEIVE_PROCESS_475,14
OLD_HILS_RECEIVE_PROCESS_476,7
OLD_HILS_RECEIVE_PROCESS_477,5
OLD_HILS_RECEIVE_PROCESS_478,14
OLD_HILS_RECEIVE_PROCESS_479,6
OLD_HILS_RECEIVE_PROCESS_480,6
OLD_HILS_RECEIVE_PROCESS_481,13
OLD_HILS_RECEIVE_PROCESS_482,7
OLD_HILS_RECEIVE_PROCESS_483,6
OLD_HILS_RECEIVE_PROCESS_484,14
OLD_HILS_RECEIVE_PROCESS_485,15
OLD_HILS_RECEIVE_PROCESS_486,12
OLD_HILS_RECEIVE_PROCESS_487,13
OLD_HILS_RECEIVE_PROCESS_488,8
OLD_HILS_RECEIVE_PROCESS_489,14
OLD_HILS_RECEIVE_PROCESS_490,15
OLD_HILS_RECEIVE_PROCESS_491,12
OLD_HILS_RECEIVE_PROCESS_492,15
OLD_HILS_RECEIVE_PROCESS_493,5
OLD_HILS_RECEIVE_PROCESS_494,7
OLD_HILS_RECEIVE_PROCESS_495,13
OLD_HILS_RECEIVE_PROCESS_496,6
OLD_HILS_RECEIVE_PROCESS_497,12
OLD_HILS_RECEIVE_PROCESS_498,14
OLD_HILS_RECEIVE_PROCESS_499,6
OLD_HILS_RECEIVE_PROCESS_500,13
OLD_HILS_RECEIVE_PROCESS_501,7
OLD_HILS_RECEIVE_PROCESS_502,15
OLD_HILS_RECEIVE_PROCESS_503,6
OLD_HILS_RECEIVE_PROCESS_504,6
OLD_HILS_RECEIVE_PROCESS_505,12
OLD_HILS_RECEIVE_PROCESS_506,15
OLD_HILS_RECEIVE_PROCESS_507,7
OLD_HILS_RECEIVE_PROCESS_508,12
OLD_HILS_RECEIVE_PROCESS_509,6
OLD_HILS_RECEIVE_PROCESS_510,12
OLD_HILS_RECEIVE_PROCESS_511,13
OLD_HILS_RECEIVE_PROCESS_512,14
OLD_HILS_RECEIVE_PROCESS_513,6
OLD_HILS_RECEIVE_PROCESS_514,6
OLD_HILS_RECEIVE_PROCESS_515,7
OLD_HILS_RECEIVE_PROCESS_516,5
OLD_HILS_RECEIVE_PROCESS_517,6
OLD_HILS_RECEIVE_PROCESS_518,14
OLD_HILS_RECEIVE_PROCESS_519,14
OLD_HILS_RECEIVE_PROCESS_520,12
OLD_HILS_RECEIVE_PROCESS_521,13
OLD_HILS_RECEIVE_PROCESS_522,5
OLD_HILS_RECEIVE_PROCESS_523,13
OLD_HILS_RECEIVE_PROCESS_524,6
OLD_HILS_RECEIVE_PROCESS_525,12
OLD_HILS_RECEIVE_PROCESS_526,14
OLD_HILS_RECEIVE_PROCESS_527,13
OLD_HILS_RECEIVE_PROCESS_528,14
OLD_HILS_RECEIVE_PROCESS_529,11
OLD_HILS_RECEIVE_PROCESS_530,13
OLD_HILS_RECEIVE_PROCESS_531,13
OLD_HILS_RECEIVE_PROCESS_532,13
OLD_HILS_RECEIVE_PROCESS_533,8
OLD_HILS_RECEIVE_PROCESS_534,14
OLD_HILS_RECEIVE_PROCESS_535,6
OLD_HILS_RECEIVE_PROCESS_536,5
OLD_HILS_RECEIVE_PROCESS_537,14
OLD_HILS_RECEIVE_PROCESS_538,5
OLD_HILS_RECEIVE_PROCESS_539,12
OLD_HILS_RECEIVE_PROCESS_540,7
OLD_HILS_RECEIVE_PROCESS_541,7
OLD_HILS_RECEIVE_PROCESS_542,6
OLD_HILS_RECEIVE_PROCESS_543,5
OLD_HILS_RECEIVE_PROCESS_544,15
OLD_HILS_RECEIVE_PROCESS_545,5
OLD_HILS_RECEIVE_PROCESS_546,6
OLD_HILS_RECEIVE_PROCESS_547,12
OLD_HILS_RECEIVE_PROCESS_548,7
OLD_HILS_RECEIVE_PROCESS_549,7
OLD_HILS_RECEIVE_PROCESS_550,15
OLD_HILS_RECEIVE_PROCESS_551,7
OLD_HILS_RECEIVE_PROCESS_552,13
OLD_HILS_RECEIVE_PROCESS_553,12
OLD_HILS_RECEIVE_PROCESS_554,9
OLD_HILS_RECEIVE_PROCESS_555,13
OLD_HILS_RECEIVE_PROCESS_556,6
OLD_HILS_RECEIVE_PROCESS_557,15
OLD_HILS_RECEIVE_PROCESS_558,14
OLD_HILS_RECEIVE_PROCESS_559,13
OLD_HILS_RECEIVE_PROCESS_560,12
OLD_HILS_RECEIVE_PROCESS_561,15
OLD_HILS_RECEIVE_PROCESS_562,14
OLD_HILS_RECEIVE_PROCESS_563,14
OLD_HILS_RECEIVE_PROCESS_564,6
OLD_HILS_RECEIVE_PROCESS_565,6
OLD_HILS_RECEIVE_PROCESS_566,5
OLD_HILS_RECEIVE_PROCESS_567,13
OLD_HILS_RECEIVE_PROCESS_568,5
OLD_HILS_RECEIVE_PROCESS_569,14
OLD_HILS_RECEIVE_PROCESS_570,7
OLD_HILS_RECEIVE_PROCESS_571,12
OLD_HILS_RECEIVE_PROCESS_572,7
OLD_HILS_RECEIVE_PROCESS_573,12
OLD_HILS_RECEIVE_PROCESS_574,13
OLD_HILS_RECEIVE_PROCESS_575,5
OLD_HILS_RECEIVE_PROCESS_576,6
OLD_HILS_RECEIVE_PROCESS_577,14
OLD_HILS_RECEIVE_PROCESS_578,14
OLD_HILS_RECEIVE_PROCESS_579,12
OLD_HILS_RECEIVE_PROCESS_580,11
OLD_HILS_RECEIVE_PROCESS_581,15
OLD_HILS_RECEIVE_PROCESS_582,12
OLD_HILS_RECEIVE_PROCESS_583,6
OLD_HILS_RECEIVE_PROCESS_584,7
OLD_HILS_RECEIVE_PROCESS_585,8
OLD_HILS_RECEIVE_PROCESS_586,6
OLD_HILS_RECEIVE_PROCESS_587,13
OLD_HILS_RECEIVE_PROCESS_588,7
OLD_HILS_RECEIVE_PROCESS_589,15
OLD_HILS_RECEIVE_PROCESS_590,13
OLD_HILS_RECEIVE_PROCESS_591,9
OLD_HILS_RECEIVE_PROCESS_592,14
OLD_HILS_RECEIVE_PROCESS_593,13
OLD_HILS_RECEIVE_PROCESS_594,6
OLD_HILS_RECEIVE_PROCESS_595,12
OLD_HILS_RECEIVE_PROCESS_596,13
OLD_HILS_RECEIVE_PROCESS_597,12
OLD_HILS_RECEIVE_PROCESS_598,5
OLD_HILS_RECEIVE_PROCESS_599,6
OLD_HILS_RECEIVE_PROCESS_600,6
OLD_HILS_RECEIVE_PROCESS_601,8
OLD_HILS_RECEIVE_PROCESS_602,5
OLD_HILS_RECEIVE_PROCESS_603,13
OLD_HILS_RECEIVE_PROCESS_604,13
OLD_HILS_RECEIVE_PROCESS_605,14
OLD_HILS_RECEIVE_PROCESS_606,6
OLD_HILS_RECEIVE_PROCESS_607,12
OLD_HILS_RECEIVE_PROCESS_608,13
OLD_HILS_RECEIVE_PROCESS_609,15
OLD_HILS_RECEIVE_PROCESS_610,14
OLD_HILS_RECEIVE_PROCESS_611,15
OLD_HILS_RECEIVE_PROCESS_612,5
OLD_HILS_RECEIVE_PROCESS_613,14
OLD_HILS_RECEIVE_PROCESS_614,8
OLD_HILS_RECEIVE_PROCESS_615,14
OLD_HILS_RECEIVE_PROCESS_616,13
OLD_HILS_RECEIVE_PROCESS_617,15
OLD_HILS_RECEIVE_PROCESS_618,13
OLD_HILS_RECEIVE_PROCESS_619,15
OLD_HILS_RECEIVE_PROCESS_620,13
OLD_HILS_RECEIVE_PROCESS_621,8
OLD_HILS_RECEIVE_PROCESS_622,14
OLD_HILS_RECEIVE_PROCESS_623,14
OLD_HILS_RECEIVE_PROCESS_624,15
OLD_HILS_RECEIVE_PROCESS_625,6
OLD_HILS_RECEIVE_PROCESS_626,6
OLD_HILS_RECEIVE_PROCESS_627,6
OLD_HILS_RECEIVE_PROCESS_628,11
OLD_HILS_RECEIVE_PROCESS_629,5
OLD_HILS_RECEIVE_PROCESS_630,14
OLD_HILS_RECEIVE_PROCESS_631,12
OLD_HILS_RECEIVE_PROCESS_632,6
OLD_HILS_RECEIVE_PROCESS_633,5
OLD_HILS_RECEIVE_PROCESS_634,12
OLD_HILS_RECEIVE_PROCESS_635,6
OLD_HILS_RECEIVE_PROCESS_636,15
OLD_HILS_RECEIVE_PROCESS_637,14
OLD_HILS_RECEIVE_PROCESS_638,6
OLD_HILS_RECEIVE_PROCESS_639,13
OLD_HILS_RECEIVE_PROCESS_640,12
OLD_HILS_RECEIVE_PROCESS_641,6
OLD_HILS_RECEIVE_PROCESS_642,12
OLD_HILS_RECEIVE_PROCESS_643,14
OLD_HILS_RECEIVE_PROCESS_644,6
OLD_HILS_RECEIVE_PROCESS_645,15
OLD_HILS_RECEIVE_PROCESS_646,6
OLD_HILS_RECEIVE_PROCESS_647,6
OLD_HILS_RECEIVE_PROCESS_648,13
OLD_HILS_RECEIVE_PROCESS_649,6
OLD_HILS_RECEIVE_PROCESS_650,14
OLD_HILS_RECEIVE_PROCESS_651,7
OLD_HILS_RECEIVE_PROCESS_652,6
OLD_HILS_RECEIVE_PROCESS_653,13
OLD_HILS_RECEIVE_PROCESS_654,7
OLD_HILS_RECEIVE_PROCESS_655,5
OLD_HILS_RECEIVE_PROCESS_656,12
OLD_HILS_RECEIVE_PROCESS_657,6
OLD_HILS_RECEIVE_PROCESS_658,6
OLD_HILS_RECEIVE_PROCESS_659,15
OLD_HILS_RECEIVE_PROCESS_660,6
OLD_HILS_RECEIVE_PROCESS_661,12
OLD_HILS_RECEIVE_PROCESS_662,12
OLD_HILS_RECEIVE_PROCESS_663,7
OLD_HILS_RECEIVE_PROCESS_664,14
OLD_HILS_RECEIVE_PROCESS_665,13
OLD_HILS_RECEIVE_PROCESS_666,6
OLD_HILS_RECEIVE_PROCESS_667,6
OLD_HILS_RECEIVE_PROCESS_668,6
OLD_HILS_RECEIVE_PROCESS_669,9
OLD_HILS_RECEIVE_PROCESS_670,14
OLD_HILS_RECEIVE_PROCESS_671,16
OLD_HILS_RECEIVE_PROCESS_672,15
OLD_HILS_RECEIVE_PROCESS_673,14
OLD_HILS_RECEIVE_PROCESS_674,7
OLD_HILS_RECEIVE_PROCESS_675,6
OLD_HILS_RECEIVE_PROCESS_676,12
OLD_HILS_RECEIVE_PROCESS_677,14
OLD_HILS_RECEIVE_PROCESS_678,12
OLD_HILS_RECEIVE_PROCESS_679,14
OLD_HILS_RECEIVE_PROCESS_680,15
OLD_HILS_RECEIVE_PROCESS_681,12
OLD_HILS_RECEIVE_PROCESS_682,14
OLD_HILS_RECEIVE_PROCESS_683,14
OLD_HILS_RECEIVE_PROCESS_684,13
OLD_HILS_RECEIVE_PROCESS_685,6
OLD_HILS_RECEIVE_PROCESS_686,14
OLD_HILS_RECEIVE_PROCESS_687,15
OLD_HILS_RECEIVE_PROCESS_688,7
OLD_HILS_RECEIVE_PROCESS_689,11
OLD_HILS_RECEIVE_PROCESS_690,7
OLD_HILS_RECEIVE_PROCESS_691,6
OLD_HILS_RECEIVE_PROCESS_692,5
OLD_HILS_RECEIVE_PROCESS_693,15
OLD_HILS_RECEIVE_PROCESS_694,16
OLD_HILS_RECEIVE_PROCESS_695,14
OLD_HILS_RECEIVE_PROCESS_696,14
OLD_HILS_RECEIVE_PROCESS_697,14
OLD_HILS_RECEIVE_PROCESS_698,6
OLD_HILS_RECEIVE_PROCESS_699,6
OLD_HILS_RECEIVE_PROCESS_700,14
OLD_HILS_RECEIVE_PROCESS_701,14
OLD_HILS_RECEIVE_PROCESS_702,6
OLD_HILS_RECEIVE_PROCESS_703,13
OLD_HILS_RECEIVE_PROCESS_704,6
OLD_HILS_RECEIVE_PROCESS_705,5
OLD_HILS_RECEIVE_PROCESS_706,13
OLD_HILS_RECEIVE_PROCESS_707,7
OLD_HILS_RECEIVE_PROCESS_708,7
OLD_HILS_RECEIVE_PROCESS_709,14
OLD_HILS_RECEIVE_PROCESS_710,14
OLD_HILS_RECEIVE_PROCESS_711,15
OLD_HILS_RECEIVE_PROCESS_712,12
OLD_HILS_RECEIVE_PROCESS_713,7
OLD_HILS_RECEIVE_PROCESS_714,10
OLD_HILS_RECEIVE_PROCESS_715,7
OLD_HILS_RECEIVE_PROCESS_716,5
OLD_HILS_RECEIVE_PROCESS_717,13
OLD_HILS_RECEIVE_PROCESS_718,14
OLD_HILS_RECEIVE_PROCESS_719,15
OLD_HILS_RECEIVE_PROCESS_720,12
OLD_HILS_RECEIVE_PROCESS_721,15
OLD_HILS_RECEIVE_PROCESS_722,6
OLD_HILS_RECEIVE_PROCESS_723,7
OLD_HILS_RECEIVE_PROCESS_724,6
OLD_HILS_RECEIVE_PROCESS_725,13
OLD_HILS_RECEIVE_PROCESS_726,14
OLD_HILS_RECEIVE_PROCESS_727,12
OLD_HILS_RECEIVE_PROCESS_728,13
OLD_HILS_RECEIVE_PROCESS_729,13
OLD_HILS_RECEIVE_PROCESS_730,13
OLD_HILS_RECEIVE_PROCESS_731,13
OLD_HILS_RECEIVE_PROCESS_732,6
OLD_HILS_RECEIVE_PROCESS_733,12
OLD_HILS_RECEIVE_PROCESS_734,7
OLD_HILS_RECEIVE_PROCESS_735,7
OLD_HILS_RECEIVE_PROCESS_736,6
OLD_HILS_RECEIVE_PROCESS_737,13
OLD_HILS_RECEIVE_PROCESS_738,6
OLD_HILS_RECEIVE_PROCESS_739,7
OLD_HILS_RECEIVE_PROCESS_740,14
OLD_HILS_RECEIVE_PROCESS_741,13
OLD_HILS_RECEIVE_PROCESS_742,7
OLD_HILS_RECEIVE_PROCESS_743,5
OLD_HILS_RECEIVE_PROCESS_744,12
OLD_HILS_RECEIVE_PROCESS_745,6
OLD_HILS_RECEIVE_PROCESS_746,12
OLD_HILS_RECEIVE_PROCESS_747,5
OLD_HILS_RECEIVE_PROCESS_748,13
OLD_HILS_RECEIVE_PROCESS_749,7
OLD_HILS_RECEIVE_PROCESS_750,5
OLD_HILS_RECEIVE_PROCESS_751,14
OLD_HILS_RECEIVE_PROCESS_752,8
OLD_HILS_RECEIVE_PROCESS_753,15
OLD_HILS_RECEIVE_PROCESS_754,14
OLD_HILS_RECEIVE_PROCESS_755,6
OLD_HILS_RECEIVE_PROCESS_756,5
OLD_HILS_RECEIVE_PROCESS_757,7
OLD_HILS_RECEIVE_PROCESS_758,6
OLD_HILS_RECEIVE_PROCESS_759,13
OLD_HILS_RECEIVE_PROCESS_760,7
OLD_HILS_RECEIVE_PROCESS_761,6
OLD_HILS_RECEIVE_PROCESS_762,6
OLD_HILS_RECEIVE_PROCESS_763,5
OLD_HILS_RECEIVE_PROCESS_764,14
OLD_HILS_RECEIVE_PROCESS_765,11
OLD_HILS_RECEIVE_PROCESS_766,14
OLD_HILS_RECEIVE_PROCESS_767,14
OLD_HILS_RECEIVE_PROCESS_768,14
OLD_HILS_RECEIVE_PROCESS_769,13
OLD_HILS_RECEIVE_PROCESS_770,6
OLD_HILS_RECEIVE_PROCESS_771,6
OLD_HILS_RECEIVE_PROCESS_772,6
OLD_HILS_RECEIVE_PROCESS_773,6
OLD_HILS_RECEIVE_PROCESS_774,6
OLD_HILS_RECEIVE_PROCESS_775,7
OLD_HILS_RECEIVE_PROCESS_776,14
OLD_HILS_RECEIVE_PROCESS_777,14
OLD_HILS_RECEIVE_PROCESS_778,14
OLD_HILS_RECEIVE_PROCESS_779,6
OLD_HILS_RECEIVE_PROCESS_780,13
OLD_HILS_RECEIVE_PROCESS_781,7
OLD_HILS_RECEIVE_PROCESS_782,15
OLD_HILS_RECEIVE_PROCESS_783,15
OLD_HILS_RECEIVE_PROCESS_784,6
OLD_HILS_RECEIVE_PROCESS_785,8
OLD_HILS_RECEIVE_PROCESS_786,13
OLD_HILS_RECEIVE_PROCESS_787,15
OLD_HILS_RECEIVE_PROCESS_788,13
OLD_HILS_RECEIVE_PROCESS_789,13
OLD_HILS_RECEIVE_PROCESS_790,6
OLD_HILS_RECEIVE_PROCESS_791,13
OLD_HILS_RECEIVE_PROCESS_792,10
OLD_HILS_RECEIVE_PROCESS_793,6
OLD_HILS_RECEIVE_PROCESS_794,11
OLD_HILS_RECEIVE_PROCESS_795,5
OLD_HILS_RECEIVE_PROCESS_796,14
OLD_HILS_RECEIVE_PROCESS_797,15
OLD_HILS_RECEIVE_PROCESS_798,13
OLD_HILS_RECEIVE_PROCESS_799,5
OLD_HILS_RECEIVE_PROCESS_800,15
OLD_HILS_RECEIVE_PROCESS_801,13
OLD_HILS_RECEIVE_PROCESS_802,13
OLD_HILS_RECEIVE_PROCESS_803,15
OLD_HILS_RECEIVE_PROCESS_804,12
OLD_HILS_RECEIVE_PROCESS_805,14
OLD_HILS_RECEIVE_PROCESS_806,10
OLD_HILS_RECEIVE_PROCESS_807,7
OLD_HILS_RECEIVE_PROCESS_808,15
OLD_HILS_RECEIVE_PROCESS_809,14
OLD_HILS_RECEIVE_PROCESS_810,13
OLD_HILS_RECEIVE_PROCESS_811,6
OLD_HILS_RECEIVE_PROCESS_812,5
OLD_HILS_RECEIVE_PROCESS_813,13
OLD_HILS_RECEIVE_PROCESS_814,7
OLD_HILS_RECEIVE_PROCESS_815,6
OLD_HILS_RECEIVE_PROCESS_816,6
OLD_HILS_RECEIVE_PROCESS_817,14
OLD_HILS_RECEIVE_PROCESS_818,7
OLD_HILS_RECEIVE_PROCESS_819,5
OLD_HILS_RECEIVE_PROCESS_820,12
OLD_HILS_RECEIVE_PROCESS_821,5
OLD_HILS_RECEIVE_PROCESS_822,12
OLD_HILS_RECEIVE_PROCESS_823,14
OLD_HILS_RECEIVE_PROCESS_824,13
OLD_HILS_RECEIVE_PROCESS_825,14
OLD_HILS_RECEIVE_PROCESS_826,6
OLD_HILS_RECEIVE_PROCESS_827,12
OLD_HILS_RECEIVE_PROCESS_828,13
OLD_HILS_RECEIVE_PROCESS_829,6
OLD_HILS_RECEIVE_PROCESS_830,13
OLD_HILS_RECEIVE_PROCESS_831,5
OLD_HILS_RECEIVE_PROCESS_832,14
OLD_HILS_RECEIVE_PROCESS_833,7
OLD_HILS_RECEIVE_PROCESS_834,6
OLD_HILS_RECEIVE_PROCESS_835,13
OLD_HILS_RECEIVE_PROCESS_836,13
OLD_HILS_RECEIVE_PROCESS_837,11
OLD_HILS_RECEIVE_PROCESS_838,5
OLD_HILS_RECEIVE_PROCESS_839,13
OLD_HILS_RECEIVE_PROCESS_840,13
OLD_HILS_RECEIVE_PROCESS_841,10
OLD_HILS_RECEIVE_PROCESS_842,5
OLD_HILS_RECEIVE_PROCESS_843,13
OLD_HILS_RECEIVE_PROCESS_844,15
OLD_HILS_RECEIVE_PROCESS_845,13
OLD_HILS_RECEIVE_PROCESS_846,14
OLD_HILS_RECEIVE_PROCESS_847,5
OLD_HILS_RECEIVE_PROCESS_848,14
OLD_HILS_RECEIVE_PROCESS_849,14
OLD_HILS_RECEIVE_PROCESS_850,5
OLD_HILS_RECEIVE_PROCESS_851,13
OLD_HILS_RECEIVE_PROCESS_852,15
OLD_HILS_RECEIVE_PROCESS_853,11
OLD_HILS_RECEIVE_PROCESS_854,13
OLD_HILS_RECEIVE_PROCESS_855,12
OLD_HILS_RECEIVE_PROCESS_856,13
OLD_HILS_RECEIVE_PROCESS_857,9
OLD_HILS_RECEIVE_PROCESS_858,12
OLD_HILS_RECEIVE_PROCESS_859,13
OLD_HILS_RECEIVE_PROCESS_860,13
OLD_HILS_RECEIVE_PROCESS_861,6
OLD_HILS_RECEIVE_PROCESS_862,12
OLD_HILS_RECEIVE_PROCESS_863,8
OLD_HILS_RECEIVE_PROCESS_864,6
OLD_HILS_RECEIVE_PROCESS_865,10
OLD_HILS_RECEIVE_PROCESS_866,13
OLD_HILS_RECEIVE_PROCESS_867,15
OLD_HILS_RECEIVE_PROCESS_868,14
OLD_HILS_RECEIVE_PROCESS_869,6
OLD_HILS_RECEIVE_PROCESS_870,14
OLD_HILS_RECEIVE_PROCESS_871,5
OLD_HILS_RECEIVE_PROCESS_872,5
OLD_HILS_RECEIVE_PROCESS_873,6
OLD_HILS_RECEIVE_PROCESS_874,14
OLD_HILS_RECEIVE_PROCESS_875,13
OLD_HILS_RECEIVE_PROCESS_876,12
OLD_HILS_RECEIVE_PROCESS_877,13
OLD_HILS_RECEIVE_PROCESS_878,11
OLD_HILS_RECEIVE_PROCESS_879,5
OLD_HILS_RECEIVE_PROCESS_880,6
OLD_HILS_RECEIVE_PROCESS_881,6
OLD_HILS_RECEIVE_PROCESS_882,13
OLD_HILS_RECEIVE_PROCESS_883,14
OLD_HILS_RECEIVE_PROCESS_884,5
OLD_HILS_RECEIVE_PROCESS_885,13
OLD_HILS_RECEIVE_PROCESS_886,5
OLD_HILS_RECEIVE_PROCESS_887,6
OLD_HILS_RECEIVE_PROCESS_888,12
OLD_HILS_RECEIVE_PROCESS_889,6
OLD_HILS_RECEIVE_PROCESS_890,14
OLD_HILS_RECEIVE_PROCESS_891,6
OLD_HILS_RECEIVE_PROCESS_892,14
OLD_HILS_RECEIVE_PROCESS_893,13
OLD_HILS_RECEIVE_PROCESS_894,12
OLD_HILS_RECEIVE_PROCESS_895,6
OLD_HILS_RECEIVE_PROCESS_896,7
OLD_HILS_RECEIVE_PROCESS_897,13
OLD_HILS_RECEIVE_PROCESS_898,12
OLD_HILS_RECEIVE_PROCESS_899,13
OLD_HILS_RECEIVE_PROCESS_900,14
OLD_HILS_RECEIVE_PROCESS_901,7
OLD_HILS_RECEIVE_PROCESS_902,14
OLD_HILS_RECEIVE_PROCESS_903,6
OLD_HILS_RECEIVE_PROCESS_904,12
OLD_HILS_RECEIVE_PROCESS_905,12
OLD_HILS_RECEIVE_PROCESS_906,13
OLD_HILS_RECEIVE_PROCESS_907,6
OLD_HILS_RECEIVE_PROCESS_908,6
OLD_HILS_RECEIVE_PROCESS_909,14
OLD_HILS_RECEIVE_PROCESS_910,12
OLD_HILS_RECEIVE_PROCESS_911,6
OLD_HILS_RECEIVE_PROCESS_912,6
OLD_HILS_RECEIVE_PROCESS_913,5
OLD_HILS_RECEIVE_PROCESS_914,6
OLD_HILS_RECEIVE_PROCESS_915,13
OLD_HILS_RECEIVE_PROCESS_916,6
OLD_HILS_RECEIVE_PROCESS_917,15
OLD_HILS_RECEIVE_PROCESS_918,15
OLD_HILS_RECEIVE_PROCESS_919,13
OLD_HILS_RECEIVE_PROCESS_920,12
OLD_HILS_RECEIVE_PROCESS_921,7
OLD_HILS_RECEIVE_PROCESS_922,6
OLD_HILS_RECEIVE_PROCESS_923,6
OLD_HILS_RECEIVE_PROCESS_924,11
OLD_HILS_RECEIVE_PROCESS_925,13
OLD_HILS_RECEIVE_PROCESS_926,12
OLD_HILS_RECEIVE_PROCESS_927,6
OLD_HILS_RECEIVE_PROCESS_928,5
OLD_HILS_RECEIVE_PROCESS_929,13
OLD_HILS_RECEIVE_PROCESS_930,6
OLD_HILS_RECEIVE_PROCESS_931,13
OLD_HILS_RECEIVE_PROCESS_932,10
OLD_HILS_RECEIVE_PROCESS_933,12
OLD_HILS_RECEIVE_PROCESS_934,12
OLD_HILS_RECEIVE_PROCESS_935,12
OLD_HILS_RECEIVE_PROCESS_936,7
OLD_HILS_RECEIVE_PROCESS_937,14
OLD_HILS_RECEIVE_PROCESS_938,15
OLD_HILS_RECEIVE_PROCESS_939,15
OLD_HILS_RECEIVE_PROCESS_940,6
OLD_HILS_RECEIVE_PROCESS_941,15
OLD_HILS_RECEIVE_PROCESS_942,7
OLD_HILS_RECEIVE_PROCESS_943,6
OLD_HILS_RECEIVE_PROCESS_944,13
OLD_HILS_RECEIVE_PROCESS_945,6
OLD_HILS_RECEIVE_PROCESS_946,7
OLD_HILS_RECEIVE_PROCESS_947,13
OLD_HILS_RECEIVE_PROCESS_948,12
OLD_HILS_RECEIVE_PROCESS_949,8
OLD_HILS_RECEIVE_PROCESS_950,6
OLD_HILS_RECEIVE_PROCESS_951,14
OLD_HILS_RECEIVE_PROCESS_952,13
OLD_HILS_RECEIVE_PROCESS_953,13
OLD_HILS_RECEIVE_PROCESS_954,14
OLD_HILS_RECEIVE_PROCESS_955,11
OLD_HILS_RECEIVE_PROCESS_956,6
OLD_HILS_RECEIVE_PROCESS_957,14
OLD_HILS_RECEIVE_PROCESS_958,13
OLD_HILS_RECEIVE_PROCESS_959,6
OLD_HILS_RECEIVE_PROCESS_960,5
OLD_HILS_RECEIVE_PROCESS_961,6
OLD_HILS_RECEIVE_PROCESS_962,8
OLD_HILS_RECEIVE_PROCESS_963,14
OLD_HILS_RECEIVE_PROCESS_964,13
OLD_HILS_RECEIVE_PROCESS_965,12
OLD_HILS_RECEIVE_PROCESS_966,6
OLD_HILS_RECEIVE_PROCESS_967,7
OLD_HILS_RECEIVE_PROCESS_968,13
OLD_HILS_RECEIVE_PROCESS_969,7
OLD_HILS_RECEIVE_PROCESS_970,13
OLD_HILS_RECEIVE_PROCESS_971,15
OLD_HILS_RECEIVE_PROCESS_972,12
OLD_HILS_RECEIVE_PROCESS_973,6
OLD_HILS_RECEIVE_PROCESS_974,14
OLD_HILS_RECEIVE_PROCESS_975,6
OLD_HILS_RECEIVE_PROCESS_976,7
OLD_HILS_RECEIVE_PROCESS_977,11
OLD_HILS_RECEIVE_PROCESS_978,13
OLD_HILS_RECEIVE_PROCESS_979,11
OLD_HILS_RECEIVE_PROCESS_980,5
OLD_HILS_RECEIVE_PROCESS_981,13
OLD_HILS_RECEIVE_PROCESS_982,6
OLD_HILS_RECEIVE_PROCESS_983,6
OLD_HILS_RECEIVE_PROCESS_984,15
OLD_HILS_RECEIVE_PROCESS_985,14
OLD_HILS_RECEIVE_PROCESS_986,6
OLD_HILS_RECEIVE_PROCESS_987,6
OLD_HILS_RECEIVE_PROCESS_988,13
OLD_HILS_RECEIVE_PROCESS_989,6
OLD_HILS_RECEIVE_PROCESS_990,15
OLD_HILS_RECEIVE_PROCESS_991,5
OLD_HILS_RECEIVE_PROCESS_992,13
OLD_HILS_RECEIVE_PROCESS_993,13
OLD_HILS_RECEIVE_PROCESS_994,13
OLD_HILS_RECEIVE_PROCESS_995,13
OLD_HILS_RECEIVE_PROCESS_996,13
OLD_HILS_RECEIVE_PROCESS_997,13
OLD_HILS_RECEIVE_PROCESS_998,15
OLD_HILS_RECEIVE_PROCESS_999,13
OLD_HILS_RECEIVE_PROCESS_1000,6
