OLD_HILS_SEND_PROCESS_1,43
OLD_HILS_SEND_PROCESS_2,44
OLD_HILS_SEND_PROCESS_3,44
OLD_HILS_SEND_PROCESS_4,55
OLD_HILS_SEND_PROCESS_5,39
OLD_HILS_SEND_PROCESS_6,47
OLD_HILS_SEND_PROCESS_7,47
OLD_HILS_SEND_PROCESS_8,55
OLD_HILS_SEND_PROCESS_9,31
OLD_HILS_SEND_PROCESS_10,50
OLD_HILS_SEND_PROCESS_11,54
OLD_HILS_SEND_PROCESS_12,55
OLD_HILS_SEND_PROCESS_13,41
OLD_HILS_SEND_PROCESS_14,39
OLD_HILS_SEND_PROCESS_15,46
OLD_HILS_SEND_PROCESS_16,43
OLD_HILS_SEND_PROCESS_17,42
OLD_HILS_SEND_PROCESS_18,32
OLD_HILS_SEND_PROCESS_19,50
OLD_HILS_SEND_PROCESS_20,43
OLD_HILS_SEND_PROCESS_21,59
OLD_HILS_SEND_PROCESS_22,52
OLD_HILS_SEND_PROCESS_23,59
OLD_HILS_SEND_PROCESS_24,34
OLD_HILS_SEND_PROCESS_25,38
OLD_HILS_SEND_PROCESS_26,50
OLD_HILS_SEND_PROCESS_27,45
OLD_HILS_SEND_PROCESS_28,31
OLD_HILS_SEND_PROCESS_29,42
OLD_HILS_SEND_PROCESS_30,53
OLD_HILS_SEND_PROCESS_31,45
OLD_HILS_SEND_PROCESS_32,45
OLD_HILS_SEND_PROCESS_33,57
OLD_HILS_SEND_PROCESS_34,40
OLD_HILS_SEND_PROCESS_35,43
OLD_HILS_SEND_PROCESS_36,38
OLD_HILS_SEND_PROCESS_37,46
OLD_HILS_SEND_PROCESS_38,38
OLD_HILS_SEND_PROCESS_39,52
OLD_HILS_SEND_PROCESS_40,36
OLD_HILS_SEND_PROCESS_41,54
OLD_HILS_SEND_PROCESS_42,49
OLD_HILS_SEND_PROCESS_43,59
OLD_HILS_SEND_PROCESS_44,38
OLD_HILS_SEND_PROCESS_45,41
OLD_HILS_SEND_PROCESS_46,46
OLD_HILS_SEND_PROCESS_47,58
OLD_HILS_SEND_PROCESS_48,56
OLD_HILS_SEND_PROCESS_49,49
OLD_HILS_SEND_PROCESS_50,45
OLD_HILS_SEND_PROCESS_51,51
OLD_HILS_SEND_PROCESS_52,48
OLD_HILS_SEND_PROCESS_53,47
OLD_HILS_SEND_PROCESS_54,44
OLD_HILS_SEND_PROCESS_55,49
OLD_HILS_SEND_PROCESS_56,39
OLD_HILS_SEND_PROCESS_57,41
OLD_HILS_SEND_PROCESS_58,44
OLD_HILS_SEND_PROCESS_59,54
OLD_HILS_SEND_PROCESS_60,43
OLD_HILS_SEND_PROCESS_61,40
OLD_HILS_SEND_PROCESS_62,47
OLD_HILS_SEND_PROCESS_63,49
OLD_HILS_SEND_PROCESS_64,63
OLD_HILS_SEND_PROCESS_65,43
OLD_HILS_SEND_PROCESS_66,46
OLD_HILS_SEND_PROCESS_67,48
OLD_HILS_SEND_PROCESS_68,44
OLD_HILS_SEND_PROCESS_69,38
OLD_HILS_SEND_PROCESS_70,40
OLD_HILS_SEND_PROCESS_71,57
OLD_HILS_SEND_PROCESS_72,39
OLD_HILS_SEND_PROCESS_73,55
OLD_HILS_SEND_PROCESS_74,51
OLD_HILS_SEND_PROCESS_75,38
OLD_HILS_SEND_PROCESS_76,56
OLD_HILS_SEND_PROCESS_77,38
OLD_HILS_SEND_PROCESS_78,53
OLD_HILS_SEND_PROCESS_79,39
OLD_HILS_SEND_PROCESS_80,57
OLD_HILS_SEND_PROCESS_81,49
OLD_HILS_SEND_PROCESS_82,43
OLD_HILS_SEND_PROCESS_83,36
OLD_HILS_SEND_PROCESS_84,55
OLD_HILS_SEND_PROCESS_85,47
OLD_HILS_SEND_PROCESS_86,61
OLD_HILS_SEND_PROCESS_87,43
OLD_HILS_SEND_PROCESS_88,52
OLD_HILS_SEND_PROCESS_89,56
OLD_HILS_SEND_PROCESS_90,59
OLD_HILS_SEND_PROCESS_91,26
OLD_HILS_SEND_PROCESS_92,42
OLD_HILS_SEND_PROCESS_93,37
OLD_HILS_SEND_PROCESS_94,56
OLD_HILS_SEND_PROCESS_95,29
OLD_HILS_SEND_PROCESS_96,41
OLD_HILS_SEND_PROCESS_97,33
OLD_HILS_SEND_PROCESS_98,57
OLD_HILS_SEND_PROCESS_99,37
OLD_HILS_SEND_PROCESS_100,39
OLD_HILS_SEND_PROCESS_101,38
OLD_HILS_SEND_PROCESS_102,56
OLD_HILS_SEND_PROCESS_103,50
OLD_HILS_SEND_PROCESS_104,41
OLD_HILS_SEND_PROCESS_105,54
OLD_HILS_SEND_PROCESS_106,56
OLD_HILS_SEND_PROCESS_107,37
OLD_HILS_SEND_PROCESS_108,44
OLD_HILS_SEND_PROCESS_109,45
OLD_HILS_SEND_PROCESS_110,51
OLD_HILS_SEND_PROCESS_111,54
OLD_HILS_SEND_PROCESS_112,46
OLD_HILS_SEND_PROCESS_113,45
OLD_HILS_SEND_PROCESS_114,68
OLD_HILS_SEND_PROCESS_115,38
OLD_HILS_SEND_PROCESS_116,38
OLD_HILS_SEND_PROCESS_117,36
OLD_HILS_SEND_PROCESS_118,60
OLD_HILS_SEND_PROCESS_119,42
OLD_HILS_SEND_PROCESS_120,39
OLD_HILS_SEND_PROCESS_121,37
OLD_HILS_SEND_PROCESS_122,54
OLD_HILS_SEND_PROCESS_123,44
OLD_HILS_SEND_PROCESS_124,47
OLD_HILS_SEND_PROCESS_125,40
OLD_HILS_SEND_PROCESS_126,56
OLD_HILS_SEND_PROCESS_127,50
OLD_HILS_SEND_PROCESS_128,60
OLD_HILS_SEND_PROCESS_129,37
OLD_HILS_SEND_PROCESS_130,43
OLD_HILS_SEND_PROCESS_131,53
OLD_HILS_SEND_PROCESS_132,42
OLD_HILS_SEND_PROCESS_133,52
OLD_HILS_SEND_PROCESS_134,38
OLD_HILS_SEND_PROCESS_135,60
OLD_HILS_SEND_PROCESS_136,38
OLD_HILS_SEND_PROCESS_137,51
OLD_HILS_SEND_PROCESS_138,48
OLD_HILS_SEND_PROCESS_139,56
OLD_HILS_SEND_PROCESS_140,38
OLD_HILS_SEND_PROCESS_141,54
OLD_HILS_SEND_PROCESS_142,40
OLD_HILS_SEND_PROCESS_143,43
OLD_HILS_SEND_PROCESS_144,45
OLD_HILS_SEND_PROCESS_145,63
OLD_HILS_SEND_PROCESS_146,45
OLD_HILS_SEND_PROCESS_147,43
OLD_HILS_SEND_PROCESS_148,45
OLD_HILS_SEND_PROCESS_149,58
OLD_HILS_SEND_PROCESS_150,46
OLD_HILS_SEND_PROCESS_151,33
OLD_HILS_SEND_PROCESS_152,45
OLD_HILS_SEND_PROCESS_153,52
OLD_HILS_SEND_PROCESS_154,30
OLD_HILS_SEND_PROCESS_155,44
OLD_HILS_SEND_PROCESS_156,49
OLD_HILS_SEND_PROCESS_157,53
OLD_HILS_SEND_PROCESS_158,51
OLD_HILS_SEND_PROCESS_159,37
OLD_HILS_SEND_PROCESS_160,50
OLD_HILS_SEND_PROCESS_161,54
OLD_HILS_SEND_PROCESS_162,49
OLD_HILS_SEND_PROCESS_163,36
OLD_HILS_SEND_PROCESS_164,46
OLD_HILS_SEND_PROCESS_165,60
OLD_HILS_SEND_PROCESS_166,34
OLD_HILS_SEND_PROCESS_167,67
OLD_HILS_SEND_PROCESS_168,42
OLD_HILS_SEND_PROCESS_169,51
OLD_HILS_SEND_PROCESS_170,58
OLD_HILS_SEND_PROCESS_171,44
OLD_HILS_SEND_PROCESS_172,40
OLD_HILS_SEND_PROCESS_173,55
OLD_HILS_SEND_PROCESS_174,44
OLD_HILS_SEND_PROCESS_175,34
OLD_HILS_SEND_PROCESS_176,53
OLD_HILS_SEND_PROCESS_177,63
OLD_HILS_SEND_PROCESS_178,46
OLD_HILS_SEND_PROCESS_179,56
OLD_HILS_SEND_PROCESS_180,38
OLD_HILS_SEND_PROCESS_181,59
OLD_HILS_SEND_PROCESS_182,43
OLD_HILS_SEND_PROCESS_183,54
OLD_HILS_SEND_PROCESS_184,53
OLD_HILS_SEND_PROCESS_185,31
OLD_HILS_SEND_PROCESS_186,47
OLD_HILS_SEND_PROCESS_187,45
OLD_HILS_SEND_PROCESS_188,68
OLD_HILS_SEND_PROCESS_189,41
OLD_HILS_SEND_PROCESS_190,44
OLD_HILS_SEND_PROCESS_191,44
OLD_HILS_SEND_PROCESS_192,53
OLD_HILS_SEND_PROCESS_193,38
OLD_HILS_SEND_PROCESS_194,39
OLD_HILS_SEND_PROCESS_195,56
OLD_HILS_SEND_PROCESS_196,49
OLD_HILS_SEND_PROCESS_197,46
OLD_HILS_SEND_PROCESS_198,41
OLD_HILS_SEND_PROCESS_199,49
OLD_HILS_SEND_PROCESS_200,54
OLD_HILS_SEND_PROCESS_201,45
OLD_HILS_SEND_PROCESS_202,45
OLD_HILS_SEND_PROCESS_203,41
OLD_HILS_SEND_PROCESS_204,58
OLD_HILS_SEND_PROCESS_205,45
OLD_HILS_SEND_PROCESS_206,38
OLD_HILS_SEND_PROCESS_207,36
OLD_HILS_SEND_PROCESS_208,56
OLD_HILS_SEND_PROCESS_209,36
OLD_HILS_SEND_PROCESS_210,47
OLD_HILS_SEND_PROCESS_211,37
OLD_HILS_SEND_PROCESS_212,61
OLD_HILS_SEND_PROCESS_213,47
OLD_HILS_SEND_PROCESS_214,43
OLD_HILS_SEND_PROCESS_215,38
OLD_HILS_SEND_PROCESS_216,52
OLD_HILS_SEND_PROCESS_217,47
OLD_HILS_SEND_PROCESS_218,53
OLD_HILS_SEND_PROCESS_219,41
OLD_HILS_SEND_PROCESS_220,53
OLD_HILS_SEND_PROCESS_221,51
OLD_HILS_SEND_PROCESS_222,50
OLD_HILS_SEND_PROCESS_223,36
OLD_HILS_SEND_PROCESS_224,55
OLD_HILS_SEND_PROCESS_225,54
OLD_HILS_SEND_PROCESS_226,58
OLD_HILS_SEND_PROCESS_227,31
OLD_HILS_SEND_PROCESS_228,54
OLD_HILS_SEND_PROCESS_229,50
OLD_HILS_SEND_PROCESS_230,46
OLD_HILS_SEND_PROCESS_231,53
OLD_HILS_SEND_PROCESS_232,60
OLD_HILS_SEND_PROCESS_233,56
OLD_HILS_SEND_PROCESS_234,46
OLD_HILS_SEND_PROCESS_235,55
OLD_HILS_SEND_PROCESS_236,46
OLD_HILS_SEND_PROCESS_237,45
OLD_HILS_SEND_PROCESS_238,45
OLD_HILS_SEND_PROCESS_239,57
OLD_HILS_SEND_PROCESS_240,28
OLD_HILS_SEND_PROCESS_241,29
OLD_HILS_SEND_PROCESS_242,43
OLD_HILS_SEND_PROCESS_243,63
OLD_HILS_SEND_PROCESS_244,41
OLD_HILS_SEND_PROCESS_245,32
OLD_HILS_SEND_PROCESS_246,55
OLD_HILS_SEND_PROCESS_247,52
OLD_HILS_SEND_PROCESS_248,45
OLD_HILS_SEND_PROCESS_249,47
OLD_HILS_SEND_PROCESS_250,44
OLD_HILS_SEND_PROCESS_251,51
OLD_HILS_SEND_PROCESS_252,56
OLD_HILS_SEND_PROCESS_253,44
OLD_HILS_SEND_PROCESS_254,45
OLD_HILS_SEND_PROCESS_255,57
OLD_HILS_SEND_PROCESS_256,46
OLD_HILS_SEND_PROCESS_257,48
OLD_HILS_SEND_PROCESS_258,39
OLD_HILS_SEND_PROCESS_259,70
OLD_HILS_SEND_PROCESS_260,37
OLD_HILS_SEND_PROCESS_261,37
OLD_HILS_SEND_PROCESS_262,38
OLD_HILS_SEND_PROCESS_263,46
OLD_HILS_SEND_PROCESS_264,39
OLD_HILS_SEND_PROCESS_265,52
OLD_HILS_SEND_PROCESS_266,39
OLD_HILS_SEND_PROCESS_267,35
OLD_HILS_SEND_PROCESS_268,45
OLD_HILS_SEND_PROCESS_269,45
OLD_HILS_SEND_PROCESS_270,42
OLD_HILS_SEND_PROCESS_271,52
OLD_HILS_SEND_PROCESS_272,46
OLD_HILS_SEND_PROCESS_273,49
OLD_HILS_SEND_PROCESS_274,52
OLD_HILS_SEND_PROCESS_275,61
OLD_HILS_SEND_PROCESS_276,50
OLD_HILS_SEND_PROCESS_277,47
OLD_HILS_SEND_PROCESS_278,39
OLD_HILS_SEND_PROCESS_279,38
OLD_HILS_SEND_PROCESS_280,54
OLD_HILS_SEND_PROCESS_281,34
OLD_HILS_SEND_PROCESS_282,51
OLD_HILS_SEND_PROCESS_283,54
OLD_HILS_SEND_PROCESS_284,38
OLD_HILS_SEND_PROCESS_285,32
OLD_HILS_SEND_PROCESS_286,58
OLD_HILS_SEND_PROCESS_287,47
OLD_HILS_SEND_PROCESS_288,42
OLD_HILS_SEND_PROCESS_289,58
OLD_HILS_SEND_PROCESS_290,53
OLD_HILS_SEND_PROCESS_291,51
OLD_HILS_SEND_PROCESS_292,38
OLD_HILS_SEND_PROCESS_293,46
OLD_HILS_SEND_PROCESS_294,54
OLD_HILS_SEND_PROCESS_295,43
OLD_HILS_SEND_PROCESS_296,50
OLD_HILS_SEND_PROCESS_297,47
OLD_HILS_SEND_PROCESS_298,59
OLD_HILS_SEND_PROCESS_299,55
OLD_HILS_SEND_PROCESS_300,36
OLD_HILS_SEND_PROCESS_301,39
OLD_HILS_SEND_PROCESS_302,55
OLD_HILS_SEND_PROCESS_303,44
OLD_HILS_SEND_PROCESS_304,47
OLD_HILS_SEND_PROCESS_305,38
OLD_HILS_SEND_PROCESS_306,50
OLD_HILS_SEND_PROCESS_307,38
OLD_HILS_SEND_PROCESS_308,54
OLD_HILS_SEND_PROCESS_309,35
OLD_HILS_SEND_PROCESS_310,43
OLD_HILS_SEND_PROCESS_311,48
OLD_HILS_SEND_PROCESS_312,49
OLD_HILS_SEND_PROCESS_313,37
OLD_HILS_SEND_PROCESS_314,53
OLD_HILS_SEND_PROCESS_315,46
OLD_HILS_SEND_PROCESS_316,46
OLD_HILS_SEND_PROCESS_317,56
OLD_HILS_SEND_PROCESS_318,56
OLD_HILS_SEND_PROCESS_319,40
OLD_HILS_SEND_PROCESS_320,48
OLD_HILS_SEND_PROCESS_321,39
OLD_HILS_SEND_PROCESS_322,54
OLD_HILS_SEND_PROCESS_323,38
OLD_HILS_SEND_PROCESS_324,45
OLD_HILS_SEND_PROCESS_325,44
OLD_HILS_SEND_PROCESS_326,51
OLD_HILS_SEND_PROCESS_327,57
OLD_HILS_SEND_PROCESS_328,43
OLD_HILS_SEND_PROCESS_329,43
OLD_HILS_SEND_PROCESS_330,55
OLD_HILS_SEND_PROCESS_331,39
OLD_HILS_SEND_PROCESS_332,43
OLD_HILS_SEND_PROCESS_333,45
OLD_HILS_SEND_PROCESS_334,59
OLD_HILS_SEND_PROCESS_335,24
OLD_HILS_SEND_PROCESS_336,39
OLD_HILS_SEND_PROCESS_337,46
OLD_HILS_SEND_PROCESS_338,61
OLD_HILS_SEND_PROCESS_339,38
OLD_HILS_SEND_PROCESS_340,38
OLD_HILS_SEND_PROCESS_341,44
OLD_HILS_SEND_PROCESS_342,65
OLD_HILS_SEND_PROCESS_343,43
OLD_HILS_SEND_PROCESS_344,38
OLD_HILS_SEND_PROCESS_345,45
OLD_HILS_SEND_PROCESS_346,33
OLD_HILS_SEND_PROCESS_347,38
OLD_HILS_SEND_PROCESS_348,37
OLD_HILS_SEND_PROCESS_349,62
OLD_HILS_SEND_PROCESS_350,45
OLD_HILS_SEND_PROCESS_351,56
OLD_HILS_SEND_PROCESS_352,49
OLD_HILS_SEND_PROCESS_353,58
OLD_HILS_SEND_PROCESS_354,45
OLD_HILS_SEND_PROCESS_355,50
OLD_HILS_SEND_PROCESS_356,57
OLD_HILS_SEND_PROCESS_357,46
OLD_HILS_SEND_PROCESS_358,54
OLD_HILS_SEND_PROCESS_359,48
OLD_HILS_SEND_PROCESS_360,50
OLD_HILS_SEND_PROCESS_361,57
OLD_HILS_SEND_PROCESS_362,30
OLD_HILS_SEND_PROCESS_363,46
OLD_HILS_SEND_PROCESS_364,49
OLD_HILS_SEND_PROCESS_365,63
OLD_HILS_SEND_PROCESS_366,33
OLD_HILS_SEND_PROCESS_367,44
OLD_HILS_SEND_PROCESS_368,36
OLD_HILS_SEND_PROCESS_369,60
OLD_HILS_SEND_PROCESS_370,44
OLD_HILS_SEND_PROCESS_371,38
OLD_HILS_SEND_PROCESS_372,47
OLD_HILS_SEND_PROCESS_373,49
OLD_HILS_SEND_PROCESS_374,34
OLD_HILS_SEND_PROCESS_375,31
OLD_HILS_SEND_PROCESS_376,58
OLD_HILS_SEND_PROCESS_377,56
OLD_HILS_SEND_PROCESS_378,45
OLD_HILS_SEND_PROCESS_379,39
OLD_HILS_SEND_PROCESS_380,47
OLD_HILS_SEND_PROCESS_381,56
OLD_HILS_SEND_PROCESS_382,47
OLD_HILS_SEND_PROCESS_383,39
OLD_HILS_SEND_PROCESS_384,50
OLD_HILS_SEND_PROCESS_385,52
OLD_HILS_SEND_PROCESS_386,40
OLD_HILS_SEND_PROCESS_387,42
OLD_HILS_SEND_PROCESS_388,48
OLD_HILS_SEND_PROCESS_389,55
OLD_HILS_SEND_PROCESS_390,40
OLD_HILS_SEND_PROCESS_391,51
OLD_HILS_SEND_PROCESS_392,39
OLD_HILS_SEND_PROCESS_393,52
OLD_HILS_SEND_PROCESS_394,51
OLD_HILS_SEND_PROCESS_395,47
OLD_HILS_SEND_PROCESS_396,39
OLD_HILS_SEND_PROCESS_397,71
OLD_HILS_SEND_PROCESS_398,49
OLD_HILS_SEND_PROCESS_399,45
OLD_HILS_SEND_PROCESS_400,51
OLD_HILS_SEND_PROCESS_401,43
OLD_HILS_SEND_PROCESS_402,48
OLD_HILS_SEND_PROCESS_403,58
OLD_HILS_SEND_PROCESS_404,53
OLD_HILS_SEND_PROCESS_405,45
OLD_HILS_SEND_PROCESS_406,58
OLD_HILS_SEND_PROCESS_407,45
OLD_HILS_SEND_PROCESS_408,59
OLD_HILS_SEND_PROCESS_409,56
OLD_HILS_SEND_PROCESS_410,46
OLD_HILS_SEND_PROCESS_411,47
OLD_HILS_SEND_PROCESS_412,47
OLD_HILS_SEND_PROCESS_413,38
OLD_HILS_SEND_PROCESS_414,45
OLD_HILS_SEND_PROCESS_415,46
OLD_HILS_SEND_PROCESS_416,59
OLD_HILS_SEND_PROCESS_417,52
OLD_HILS_SEND_PROCESS_418,39
OLD_HILS_SEND_PROCESS_419,43
OLD_HILS_SEND_PROCESS_420,63
OLD_HILS_SEND_PROCESS_421,38
OLD_HILS_SEND_PROCESS_422,46
OLD_HILS_SEND_PROCESS_423,44
OLD_HILS_SEND_PROCESS_424,55
OLD_HILS_SEND_PROCESS_425,46
OLD_HILS_SEND_PROCESS_426,52
OLD_HILS_SEND_PROCESS_427,44
OLD_HILS_SEND_PROCESS_428,56
OLD_HILS_SEND_PROCESS_429,41
OLD_HILS_SEND_PROCESS_430,44
OLD_HILS_SEND_PROCESS_431,51
OLD_HILS_SEND_PROCESS_432,55
OLD_HILS_SEND_PROCESS_433,32
OLD_HILS_SEND_PROCESS_434,44
OLD_HILS_SEND_PROCESS_435,48
OLD_HILS_SEND_PROCESS_436,43
OLD_HILS_SEND_PROCESS_437,37
OLD_HILS_SEND_PROCESS_438,39
OLD_HILS_SEND_PROCESS_439,48
OLD_HILS_SEND_PROCESS_440,41
OLD_HILS_SEND_PROCESS_441,34
OLD_HILS_SEND_PROCESS_442,41
OLD_HILS_SEND_PROCESS_443,45
OLD_HILS_SEND_PROCESS_444,55
OLD_HILS_SEND_PROCESS_445,49
OLD_HILS_SEND_PROCESS_446,29
OLD_HILS_SEND_PROCESS_447,29
OLD_HILS_SEND_PROCESS_448,57
OLD_HILS_SEND_PROCESS_449,44
OLD_HILS_SEND_PROCESS_450,43
OLD_HILS_SEND_PROCESS_451,38
OLD_HILS_SEND_PROCESS_452,59
OLD_HILS_SEND_PROCESS_453,49
OLD_HILS_SEND_PROCESS_454,44
OLD_HILS_SEND_PROCESS_455,50
OLD_HILS_SEND_PROCESS_456,38
OLD_HILS_SEND_PROCESS_457,40
OLD_HILS_SEND_PROCESS_458,46
OLD_HILS_SEND_PROCESS_459,61
OLD_HILS_SEND_PROCESS_460,39
OLD_HILS_SEND_PROCESS_461,44
OLD_HILS_SEND_PROCESS_462,51
OLD_HILS_SEND_PROCESS_463,55
OLD_HILS_SEND_PROCESS_464,47
OLD_HILS_SEND_PROCESS_465,54
OLD_HILS_SEND_PROCESS_466,34
OLD_HILS_SEND_PROCESS_467,61
OLD_HILS_SEND_PROCESS_468,45
OLD_HILS_SEND_PROCESS_469,51
OLD_HILS_SEND_PROCESS_470,52
OLD_HILS_SEND_PROCESS_471,53
OLD_HILS_SEND_PROCESS_472,51
OLD_HILS_SEND_PROCESS_473,57
OLD_HILS_SEND_PROCESS_474,46
OLD_HILS_SEND_PROCESS_475,59
OLD_HILS_SEND_PROCESS_476,38
OLD_HILS_SEND_PROCESS_477,50
OLD_HILS_SEND_PROCESS_478,45
OLD_HILS_SEND_PROCESS_479,55
OLD_HILS_SEND_PROCESS_480,38
OLD_HILS_SEND_PROCESS_481,35
OLD_HILS_SEND_PROCESS_482,50
OLD_HILS_SEND_PROCESS_483,46
OLD_HILS_SEND_PROCESS_484,43
OLD_HILS_SEND_PROCESS_485,40
OLD_HILS_SEND_PROCESS_486,46
OLD_HILS_SEND_PROCESS_487,39
OLD_HILS_SEND_PROCESS_488,44
OLD_HILS_SEND_PROCESS_489,31
OLD_HILS_SEND_PROCESS_490,32
OLD_HILS_SEND_PROCESS_491,55
OLD_HILS_SEND_PROCESS_492,45
OLD_HILS_SEND_PROCESS_493,39
OLD_HILS_SEND_PROCESS_494,40
OLD_HILS_SEND_PROCESS_495,61
OLD_HILS_SEND_PROCESS_496,46
OLD_HILS_SEND_PROCESS_497,56
OLD_HILS_SEND_PROCESS_498,42
OLD_HILS_SEND_PROCESS_499,52
OLD_HILS_SEND_PROCESS_500,54
OLD_HILS_SEND_PROCESS_501,39
OLD_HILS_SEND_PROCESS_502,37
OLD_HILS_SEND_PROCESS_503,35
OLD_HILS_SEND_PROCESS_504,48
OLD_HILS_SEND_PROCESS_505,46
OLD_HILS_SEND_PROCESS_506,47
OLD_HILS_SEND_PROCESS_507,55
OLD_HILS_SEND_PROCESS_508,43
OLD_HILS_SEND_PROCESS_509,38
OLD_HILS_SEND_PROCESS_510,54
OLD_HILS_SEND_PROCESS_511,36
OLD_HILS_SEND_PROCESS_512,44
OLD_HILS_SEND_PROCESS_513,47
OLD_HILS_SEND_PROCESS_514,56
OLD_HILS_SEND_PROCESS_515,46
OLD_HILS_SEND_PROCESS_516,38
OLD_HILS_SEND_PROCESS_517,40
OLD_HILS_SEND_PROCESS_518,53
OLD_HILS_SEND_PROCESS_519,49
OLD_HILS_SEND_PROCESS_520,31
OLD_HILS_SEND_PROCESS_521,44
OLD_HILS_SEND_PROCESS_522,56
OLD_HILS_SEND_PROCESS_523,45
OLD_HILS_SEND_PROCESS_524,38
OLD_HILS_SEND_PROCESS_525,48
OLD_HILS_SEND_PROCESS_526,55
OLD_HILS_SEND_PROCESS_527,47
OLD_HILS_SEND_PROCESS_528,53
OLD_HILS_SEND_PROCESS_529,46
OLD_HILS_SEND_PROCESS_530,55
OLD_HILS_SEND_PROCESS_531,39
OLD_HILS_SEND_PROCESS_532,40
OLD_HILS_SEND_PROCESS_533,37
OLD_HILS_SEND_PROCESS_534,68
OLD_HILS_SEND_PROCESS_535,54
OLD_HILS_SEND_PROCESS_536,32
OLD_HILS_SEND_PROCESS_537,44
OLD_HILS_SEND_PROCESS_538,68
OLD_HILS_SEND_PROCESS_539,39
OLD_HILS_SEND_PROCESS_540,37
OLD_HILS_SEND_PROCESS_541,28
OLD_HILS_SEND_PROCESS_542,59
OLD_HILS_SEND_PROCESS_543,44
OLD_HILS_SEND_PROCESS_544,45
OLD_HILS_SEND_PROCESS_545,39
OLD_HILS_SEND_PROCESS_546,67
OLD_HILS_SEND_PROCESS_547,45
OLD_HILS_SEND_PROCESS_548,36
OLD_HILS_SEND_PROCESS_549,44
OLD_HILS_SEND_PROCESS_550,51
OLD_HILS_SEND_PROCESS_551,45
OLD_HILS_SEND_PROCESS_552,40
OLD_HILS_SEND_PROCESS_553,40
OLD_HILS_SEND_PROCESS_554,54
OLD_HILS_SEND_PROCESS_555,49
OLD_HILS_SEND_PROCESS_556,48
OLD_HILS_SEND_PROCESS_557,40
OLD_HILS_SEND_PROCESS_558,58
OLD_HILS_SEND_PROCESS_559,44
OLD_HILS_SEND_PROCESS_560,38
OLD_HILS_SEND_PROCESS_561,50
OLD_HILS_SEND_PROCESS_562,39
OLD_HILS_SEND_PROCESS_563,39
OLD_HILS_SEND_PROCESS_564,43
OLD_HILS_SEND_PROCESS_565,66
OLD_HILS_SEND_PROCESS_566,40
OLD_HILS_SEND_PROCESS_567,39
OLD_HILS_SEND_PROCESS_568,36
OLD_HILS_SEND_PROCESS_569,55
OLD_HILS_SEND_PROCESS_570,49
OLD_HILS_SEND_PROCESS_571,43
OLD_HILS_SEND_PROCESS_572,50
OLD_HILS_SEND_PROCESS_573,54
OLD_HILS_SEND_PROCESS_574,55
OLD_HILS_SEND_PROCESS_575,27
OLD_HILS_SEND_PROCESS_576,52
OLD_HILS_SEND_PROCESS_577,62
OLD_HILS_SEND_PROCESS_578,62
OLD_HILS_SEND_PROCESS_579,37
OLD_HILS_SEND_PROCESS_580,44
OLD_HILS_SEND_PROCESS_581,57
OLD_HILS_SEND_PROCESS_582,32
OLD_HILS_SEND_PROCESS_583,39
OLD_HILS_SEND_PROCESS_584,44
OLD_HILS_SEND_PROCESS_585,54
OLD_HILS_SEND_PROCESS_586,51
OLD_HILS_SEND_PROCESS_587,41
OLD_HILS_SEND_PROCESS_588,38
OLD_HILS_SEND_PROCESS_589,52
OLD_HILS_SEND_PROCESS_590,46
OLD_HILS_SEND_PROCESS_591,52
OLD_HILS_SEND_PROCESS_592,40
OLD_HILS_SEND_PROCESS_593,54
OLD_HILS_SEND_PROCESS_594,39
OLD_HILS_SEND_PROCESS_595,46
OLD_HILS_SEND_PROCESS_596,39
OLD_HILS_SEND_PROCESS_597,47
OLD_HILS_SEND_PROCESS_598,44
OLD_HILS_SEND_PROCESS_599,37
OLD_HILS_SEND_PROCESS_600,36
OLD_HILS_SEND_PROCESS_601,61
OLD_HILS_SEND_PROCESS_602,39
OLD_HILS_SEND_PROCESS_603,44
OLD_HILS_SEND_PROCESS_604,57
OLD_HILS_SEND_PROCESS_605,77
OLD_HILS_SEND_PROCESS_606,46
OLD_HILS_SEND_PROCESS_607,47
OLD_HILS_SEND_PROCESS_608,55
OLD_HILS_SEND_PROCESS_609,54
OLD_HILS_SEND_PROCESS_610,66
OLD_HILS_SEND_PROCESS_611,47
OLD_HILS_SEND_PROCESS_612,38
OLD_HILS_SEND_PROCESS_613,42
OLD_HILS_SEND_PROCESS_614,47
OLD_HILS_SEND_PROCESS_615,57
OLD_HILS_SEND_PROCESS_616,53
OLD_HILS_SEND_PROCESS_617,39
OLD_HILS_SEND_PROCESS_618,38
OLD_HILS_SEND_PROCESS_619,33
OLD_HILS_SEND_PROCESS_620,70
OLD_HILS_SEND_PROCESS_621,32
OLD_HILS_SEND_PROCESS_622,45
OLD_HILS_SEND_PROCESS_623,36
OLD_HILS_SEND_PROCESS_624,52
OLD_HILS_SEND_PROCESS_625,47
OLD_HILS_SEND_PROCESS_626,58
OLD_HILS_SEND_PROCESS_627,47
OLD_HILS_SEND_PROCESS_628,55
OLD_HILS_SEND_PROCESS_629,51
OLD_HILS_SEND_PROCESS_630,28
OLD_HILS_SEND_PROCESS_631,33
OLD_HILS_SEND_PROCESS_632,53
OLD_HILS_SEND_PROCESS_633,45
OLD_HILS_SEND_PROCESS_634,43
OLD_HILS_SEND_PROCESS_635,38
OLD_HILS_SEND_PROCESS_636,57
OLD_HILS_SEND_PROCESS_637,45
OLD_HILS_SEND_PROCESS_638,38
OLD_HILS_SEND_PROCESS_639,35
OLD_HILS_SEND_PROCESS_640,54
OLD_HILS_SEND_PROCESS_641,47
OLD_HILS_SEND_PROCESS_642,44
OLD_HILS_SEND_PROCESS_643,40
OLD_HILS_SEND_PROCESS_644,46
OLD_HILS_SEND_PROCESS_645,44
OLD_HILS_SEND_PROCESS_646,43
OLD_HILS_SEND_PROCESS_647,46
OLD_HILS_SEND_PROCESS_648,56
OLD_HILS_SEND_PROCESS_649,52
OLD_HILS_SEND_PROCESS_650,26
OLD_HILS_SEND_PROCESS_651,45
OLD_HILS_SEND_PROCESS_652,49
OLD_HILS_SEND_PROCESS_653,47
OLD_HILS_SEND_PROCESS_654,41
OLD_HILS_SEND_PROCESS_655,56
OLD_HILS_SEND_PROCESS_656,58
OLD_HILS_SEND_PROCESS_657,43
OLD_HILS_SEND_PROCESS_658,44
OLD_HILS_SEND_PROCESS_659,50
OLD_HILS_SEND_PROCESS_660,53
OLD_HILS_SEND_PROCESS_661,40
OLD_HILS_SEND_PROCESS_662,36
OLD_HILS_SEND_PROCESS_663,37
OLD_HILS_SEND_PROCESS_664,56
OLD_HILS_SEND_PROCESS_665,32
OLD_HILS_SEND_PROCESS_666,32
OLD_HILS_SEND_PROCESS_667,45
OLD_HILS_SEND_PROCESS_668,55
OLD_HILS_SEND_PROCESS_669,41
OLD_HILS_SEND_PROCESS_670,42
OLD_HILS_SEND_PROCESS_671,64
OLD_HILS_SEND_PROCESS_672,27
OLD_HILS_SEND_PROCESS_673,50
OLD_HILS_SEND_PROCESS_674,40
OLD_HILS_SEND_PROCESS_675,65
OLD_HILS_SEND_PROCESS_676,42
OLD_HILS_SEND_PROCESS_677,51
OLD_HILS_SEND_PROCESS_678,39
OLD_HILS_SEND_PROCESS_679,58
OLD_HILS_SEND_PROCESS_680,32
OLD_HILS_SEND_PROCESS_681,63
OLD_HILS_SEND_PROCESS_682,49
OLD_HILS_SEND_PROCESS_683,56
OLD_HILS_SEND_PROCESS_684,38
OLD_HILS_SEND_PROCESS_685,46
OLD_HILS_SEND_PROCESS_686,53
OLD_HILS_SEND_PROCESS_687,56
OLD_HILS_SEND_PROCESS_688,41
OLD_HILS_SEND_PROCESS_689,46
OLD_HILS_SEND_PROCESS_690,43
OLD_HILS_SEND_PROCESS_691,55
OLD_HILS_SEND_PROCESS_692,58
OLD_HILS_SEND_PROCESS_693,46
OLD_HILS_SEND_PROCESS_694,38
OLD_HILS_SEND_PROCESS_695,52
OLD_HILS_SEND_PROCESS_696,47
OLD_HILS_SEND_PROCESS_697,40
OLD_HILS_SEND_PROCESS_698,44
OLD_HILS_SEND_PROCESS_699,34
OLD_HILS_SEND_PROCESS_700,33
OLD_HILS_SEND_PROCESS_701,53
OLD_HILS_SEND_PROCESS_702,64
OLD_HILS_SEND_PROCESS_703,56
OLD_HILS_SEND_PROCESS_704,49
OLD_HILS_SEND_PROCESS_705,56
OLD_HILS_SEND_PROCESS_706,50
OLD_HILS_SEND_PROCESS_707,58
OLD_HILS_SEND_PROCESS_708,50
OLD_HILS_SEND_PROCESS_709,51
OLD_HILS_SEND_PROCESS_710,56
OLD_HILS_SEND_PROCESS_711,50
OLD_HILS_SEND_PROCESS_712,41
OLD_HILS_SEND_PROCESS_713,47
OLD_HILS_SEND_PROCESS_714,45
OLD_HILS_SEND_PROCESS_715,55
OLD_HILS_SEND_PROCESS_716,40
OLD_HILS_SEND_PROCESS_717,58
OLD_HILS_SEND_PROCESS_718,42
OLD_HILS_SEND_PROCESS_719,62
OLD_HILS_SEND_PROCESS_720,38
OLD_HILS_SEND_PROCESS_721,47
OLD_HILS_SEND_PROCESS_722,43
OLD_HILS_SEND_PROCESS_723,51
OLD_HILS_SEND_PROCESS_724,46
OLD_HILS_SEND_PROCESS_725,41
OLD_HILS_SEND_PROCESS_726,70
OLD_HILS_SEND_PROCESS_727,55
OLD_HILS_SEND_PROCESS_728,45
OLD_HILS_SEND_PROCESS_729,46
OLD_HILS_SEND_PROCESS_730,50
OLD_HILS_SEND_PROCESS_731,37
OLD_HILS_SEND_PROCESS_732,65
OLD_HILS_SEND_PROCESS_733,37
OLD_HILS_SEND_PROCESS_734,48
OLD_HILS_SEND_PROCESS_735,46
OLD_HILS_SEND_PROCESS_736,51
OLD_HILS_SEND_PROCESS_737,47
OLD_HILS_SEND_PROCESS_738,53
OLD_HILS_SEND_PROCESS_739,43
OLD_HILS_SEND_PROCESS_740,38
OLD_HILS_SEND_PROCESS_741,37
OLD_HILS_SEND_PROCESS_742,47
OLD_HILS_SEND_PROCESS_743,50
OLD_HILS_SEND_PROCESS_744,31
OLD_HILS_SEND_PROCESS_745,40
OLD_HILS_SEND_PROCESS_746,35
OLD_HILS_SEND_PROCESS_747,45
OLD_HILS_SEND_PROCESS_748,47
OLD_HILS_SEND_PROCESS_749,34
OLD_HILS_SEND_PROCESS_750,53
OLD_HILS_SEND_PROCESS_751,37
OLD_HILS_SEND_PROCESS_752,61
OLD_HILS_SEND_PROCESS_753,46
OLD_HILS_SEND_PROCESS_754,55
OLD_HILS_SEND_PROCESS_755,40
OLD_HILS_SEND_PROCESS_756,53
OLD_HILS_SEND_PROCESS_757,48
OLD_HILS_SEND_PROCESS_758,64
OLD_HILS_SEND_PROCESS_759,41
OLD_HILS_SEND_PROCESS_760,41
OLD_HILS_SEND_PROCESS_761,44
OLD_HILS_SEND_PROCESS_762,50
OLD_HILS_SEND_PROCESS_763,41
OLD_HILS_SEND_PROCESS_764,37
OLD_HILS_SEND_PROCESS_765,45
OLD_HILS_SEND_PROCESS_766,59
OLD_HILS_SEND_PROCESS_767,53
OLD_HILS_SEND_PROCESS_768,37
OLD_HILS_SEND_PROCESS_769,46
OLD_HILS_SEND_PROCESS_770,56
OLD_HILS_SEND_PROCESS_771,50
OLD_HILS_SEND_PROCESS_772,39
OLD_HILS_SEND_PROCESS_773,51
OLD_HILS_SEND_PROCESS_774,80
OLD_HILS_SEND_PROCESS_775,39
OLD_HILS_SEND_PROCESS_776,56
OLD_HILS_SEND_PROCESS_777,44
OLD_HILS_SEND_PROCESS_778,60
OLD_HILS_SEND_PROCESS_779,38
OLD_HILS_SEND_PROCESS_780,44
OLD_HILS_SEND_PROCESS_781,53
OLD_HILS_SEND_PROCESS_782,39
OLD_HILS_SEND_PROCESS_783,57
OLD_HILS_SEND_PROCESS_784,44
OLD_HILS_SEND_PROCESS_785,36
OLD_HILS_SEND_PROCESS_786,43
OLD_HILS_SEND_PROCESS_787,48
OLD_HILS_SEND_PROCESS_788,38
OLD_HILS_SEND_PROCESS_789,54
OLD_HILS_SEND_PROCESS_790,34
OLD_HILS_SEND_PROCESS_791,45
OLD_HILS_SEND_PROCESS_792,39
OLD_HILS_SEND_PROCESS_793,45
OLD_HILS_SEND_PROCESS_794,26
OLD_HILS_SEND_PROCESS_795,35
OLD_HILS_SEND_PROCESS_796,52
OLD_HILS_SEND_PROCESS_797,40
OLD_HILS_SEND_PROCESS_798,41
OLD_HILS_SEND_PROCESS_799,56
OLD_HILS_SEND_PROCESS_800,60
OLD_HILS_SEND_PROCESS_801,46
OLD_HILS_SEND_PROCESS_802,37
OLD_HILS_SEND_PROCESS_803,46
OLD_HILS_SEND_PROCESS_804,31
OLD_HILS_SEND_PROCESS_805,52
OLD_HILS_SEND_PROCESS_806,51
OLD_HILS_SEND_PROCESS_807,38
OLD_HILS_SEND_PROCESS_808,47
OLD_HILS_SEND_PROCESS_809,56
OLD_HILS_SEND_PROCESS_810,40
OLD_HILS_SEND_PROCESS_811,43
OLD_HILS_SEND_PROCESS_812,32
OLD_HILS_SEND_PROCESS_813,56
OLD_HILS_SEND_PROCESS_814,51
OLD_HILS_SEND_PROCESS_815,37
OLD_HILS_SEND_PROCESS_816,46
OLD_HILS_SEND_PROCESS_817,65
OLD_HILS_SEND_PROCESS_818,38
OLD_HILS_SEND_PROCESS_819,44
OLD_HILS_SEND_PROCESS_820,39
OLD_HILS_SEND_PROCESS_821,69
OLD_HILS_SEND_PROCESS_822,46
OLD_HILS_SEND_PROCESS_823,40
OLD_HILS_SEND_PROCESS_824,39
OLD_HILS_SEND_PROCESS_825,54
OLD_HILS_SEND_PROCESS_826,54
OLD_HILS_SEND_PROCESS_827,46
OLD_HILS_SEND_PROCESS_828,27
OLD_HILS_SEND_PROCESS_829,54
OLD_HILS_SEND_PROCESS_830,52
OLD_HILS_SEND_PROCESS_831,52
OLD_HILS_SEND_PROCESS_832,40
OLD_HILS_SEND_PROCESS_833,25
OLD_HILS_SEND_PROCESS_834,44
OLD_HILS_SEND_PROCESS_835,42
OLD_HILS_SEND_PROCESS_836,58
OLD_HILS_SEND_PROCESS_837,54
OLD_HILS_SEND_PROCESS_838,44
OLD_HILS_SEND_PROCESS_839,43
OLD_HILS_SEND_PROCESS_840,41
OLD_HILS_SEND_PROCESS_841,39
OLD_HILS_SEND_PROCESS_842,36
OLD_HILS_SEND_PROCESS_843,46
OLD_HILS_SEND_PROCESS_844,54
OLD_HILS_SEND_PROCESS_845,49
OLD_HILS_SEND_PROCESS_846,39
OLD_HILS_SEND_PROCESS_847,45
OLD_HILS_SEND_PROCESS_848,65
OLD_HILS_SEND_PROCESS_849,51
OLD_HILS_SEND_PROCESS_850,29
OLD_HILS_SEND_PROCESS_851,46
OLD_HILS_SEND_PROCESS_852,54
OLD_HILS_SEND_PROCESS_853,42
OLD_HILS_SEND_PROCESS_854,37
OLD_HILS_SEND_PROCESS_855,49
OLD_HILS_SEND_PROCESS_856,57
OLD_HILS_SEND_PROCESS_857,45
OLD_HILS_SEND_PROCESS_858,37
OLD_HILS_SEND_PROCESS_859,41
OLD_HILS_SEND_PROCESS_860,54
OLD_HILS_SEND_PROCESS_861,38
OLD_HILS_SEND_PROCESS_862,45
OLD_HILS_SEND_PROCESS_863,32
OLD_HILS_SEND_PROCESS_864,43
OLD_HILS_SEND_PROCESS_865,37
OLD_HILS_SEND_PROCESS_866,49
OLD_HILS_SEND_PROCESS_867,47
OLD_HILS_SEND_PROCESS_868,61
OLD_HILS_SEND_PROCESS_869,46
OLD_HILS_SEND_PROCESS_870,53
OLD_HILS_SEND_PROCESS_871,44
OLD_HILS_SEND_PROCESS_872,48
OLD_HILS_SEND_PROCESS_873,48
OLD_HILS_SEND_PROCESS_874,45
OLD_HILS_SEND_PROCESS_875,58
OLD_HILS_SEND_PROCESS_876,52
OLD_HILS_SEND_PROCESS_877,56
OLD_HILS_SEND_PROCESS_878,40
OLD_HILS_SEND_PROCESS_879,45
OLD_HILS_SEND_PROCESS_880,49
OLD_HILS_SEND_PROCESS_881,55
OLD_HILS_SEND_PROCESS_882,53
OLD_HILS_SEND_PROCESS_883,48
OLD_HILS_SEND_PROCESS_884,47
OLD_HILS_SEND_PROCESS_885,36
OLD_HILS_SEND_PROCESS_886,40
OLD_HILS_SEND_PROCESS_887,52
OLD_HILS_SEND_PROCESS_888,45
OLD_HILS_SEND_PROCESS_889,36
OLD_HILS_SEND_PROCESS_890,38
OLD_HILS_SEND_PROCESS_891,62
OLD_HILS_SEND_PROCESS_892,54
OLD_HILS_SEND_PROCESS_893,52
OLD_HILS_SEND_PROCESS_894,29
OLD_HILS_SEND_PROCESS_895,62
OLD_HILS_SEND_PROCESS_896,43
OLD_HILS_SEND_PROCESS_897,44
OLD_HILS_SEND_PROCESS_898,42
OLD_HILS_SEND_PROCESS_899,55
OLD_HILS_SEND_PROCESS_900,45
OLD_HILS_SEND_PROCESS_901,55
OLD_HILS_SEND_PROCESS_902,37
OLD_HILS_SEND_PROCESS_903,43
OLD_HILS_SEND_PROCESS_904,47
OLD_HILS_SEND_PROCESS_905,43
OLD_HILS_SEND_PROCESS_906,45
OLD_HILS_SEND_PROCESS_907,54
OLD_HILS_SEND_PROCESS_908,58
OLD_HILS_SEND_PROCESS_909,44
OLD_HILS_SEND_PROCESS_910,33
OLD_HILS_SEND_PROCESS_911,59
OLD_HILS_SEND_PROCESS_912,43
OLD_HILS_SEND_PROCESS_913,50
OLD_HILS_SEND_PROCESS_914,51
OLD_HILS_SEND_PROCESS_915,47
OLD_HILS_SEND_PROCESS_916,49
OLD_HILS_SEND_PROCESS_917,43
OLD_HILS_SEND_PROCESS_918,58
OLD_HILS_SEND_PROCESS_919,50
OLD_HILS_SEND_PROCESS_920,54
OLD_HILS_SEND_PROCESS_921,54
OLD_HILS_SEND_PROCESS_922,45
OLD_HILS_SEND_PROCESS_923,64
OLD_HILS_SEND_PROCESS_924,43
OLD_HILS_SEND_PROCESS_925,48
OLD_HILS_SEND_PROCESS_926,41
OLD_HILS_SEND_PROCESS_927,55
OLD_HILS_SEND_PROCESS_928,40
OLD_HILS_SEND_PROCESS_929,56
OLD_HILS_SEND_PROCESS_930,36
OLD_HILS_SEND_PROCESS_931,61
OLD_HILS_SEND_PROCESS_932,38
OLD_HILS_SEND_PROCESS_933,38
OLD_HILS_SEND_PROCESS_934,47
OLD_HILS_SEND_PROCESS_935,48
OLD_HILS_SEND_PROCESS_936,50
OLD_HILS_SEND_PROCESS_937,52
OLD_HILS_SEND_PROCESS_938,53
OLD_HILS_SEND_PROCESS_939,62
OLD_HILS_SEND_PROCESS_940,49
OLD_HILS_SEND_PROCESS_941,43
OLD_HILS_SEND_PROCESS_942,49
OLD_HILS_SEND_PROCESS_943,49
OLD_HILS_SEND_PROCESS_944,47
OLD_HILS_SEND_PROCESS_945,40
OLD_HILS_SEND_PROCESS_946,49
OLD_HILS_SEND_PROCESS_947,49
OLD_HILS_SEND_PROCESS_948,57
OLD_HILS_SEND_PROCESS_949,34
OLD_HILS_SEND_PROCESS_950,47
OLD_HILS_SEND_PROCESS_951,45
OLD_HILS_SEND_PROCESS_952,44
OLD_HILS_SEND_PROCESS_953,38
OLD_HILS_SEND_PROCESS_954,50
OLD_HILS_SEND_PROCESS_955,37
OLD_HILS_SEND_PROCESS_956,45
OLD_HILS_SEND_PROCESS_957,42
OLD_HILS_SEND_PROCESS_958,58
OLD_HILS_SEND_PROCESS_959,35
OLD_HILS_SEND_PROCESS_960,39
OLD_HILS_SEND_PROCESS_961,45
OLD_HILS_SEND_PROCESS_962,59
OLD_HILS_SEND_PROCESS_963,39
OLD_HILS_SEND_PROCESS_964,43
OLD_HILS_SEND_PROCESS_965,43
OLD_HILS_SEND_PROCESS_966,42
OLD_HILS_SEND_PROCESS_967,32
OLD_HILS_SEND_PROCESS_968,45
OLD_HILS_SEND_PROCESS_969,45
OLD_HILS_SEND_PROCESS_970,65
OLD_HILS_SEND_PROCESS_971,40
OLD_HILS_SEND_PROCESS_972,34
OLD_HILS_SEND_PROCESS_973,36
OLD_HILS_SEND_PROCESS_974,48
OLD_HILS_SEND_PROCESS_975,41
OLD_HILS_SEND_PROCESS_976,40
OLD_HILS_SEND_PROCESS_977,44
OLD_HILS_SEND_PROCESS_978,65
OLD_HILS_SEND_PROCESS_979,43
OLD_HILS_SEND_PROCESS_980,33
OLD_HILS_SEND_PROCESS_981,53
OLD_HILS_SEND_PROCESS_982,54
OLD_HILS_SEND_PROCESS_983,45
OLD_HILS_SEND_PROCESS_984,40
OLD_HILS_SEND_PROCESS_985,46
OLD_HILS_SEND_PROCESS_986,54
OLD_HILS_SEND_PROCESS_987,38
OLD_HILS_SEND_PROCESS_988,54
OLD_HILS_SEND_PROCESS_989,32
OLD_HILS_SEND_PROCESS_990,57
OLD_HILS_SEND_PROCESS_991,47
OLD_HILS_SEND_PROCESS_992,43
OLD_HILS_SEND_PROCESS_993,42
OLD_HILS_SEND_PROCESS_994,71
OLD_HILS_SEND_PROCESS_995,50
OLD_HILS_SEND_PROCESS_996,47
OLD_HILS_SEND_PROCESS_997,46
OLD_HILS_SEND_PROCESS_998,44
OLD_HILS_SEND_PROCESS_999,47
OLD_HILS_SEND_PROCESS_1000,45
