PROCESS_LATENCY_0,54
PROCESS_LATENCY_1,46
PROCESS_LATENCY_2,46
PROCESS_LATENCY_3,48
PROCESS_LATENCY_4,47
PROCESS_LATENCY_5,46
PROCESS_LATENCY_6,45
PROCESS_LATENCY_7,46
PROCESS_LATENCY_8,46
PROCESS_LATENCY_9,46
PROCESS_LATENCY_10,46
PROCESS_LATENCY_11,45
PROCESS_LATENCY_12,45
PROCESS_LATENCY_13,45
PROCESS_LATENCY_14,45
PROCESS_LATENCY_15,46
PROCESS_LATENCY_16,46
PROCESS_LATENCY_17,45
PROCESS_LATENCY_18,46
PROCESS_LATENCY_19,44
PROCESS_LATENCY_20,42
PROCESS_LATENCY_21,42
PROCESS_LATENCY_22,42
PROCESS_LATENCY_23,42
PROCESS_LATENCY_24,41
PROCESS_LATENCY_25,42
PROCESS_LATENCY_26,42
PROCESS_LATENCY_27,46
PROCESS_LATENCY_28,44
PROCESS_LATENCY_29,44
PROCESS_LATENCY_30,42
PROCESS_LATENCY_31,42
PROCESS_LATENCY_32,42
PROCESS_LATENCY_33,42
PROCESS_LATENCY_34,46
PROCESS_LATENCY_35,43
PROCESS_LATENCY_36,42
PROCESS_LATENCY_37,41
PROCESS_LATENCY_38,44
PROCESS_LATENCY_39,44
PROCESS_LATENCY_40,43
PROCESS_LATENCY_41,43
PROCESS_LATENCY_42,45
PROCESS_LATENCY_43,44
PROCESS_LATENCY_44,45
PROCESS_LATENCY_45,45
PROCESS_LATENCY_46,44
PROCESS_LATENCY_47,44
PROCESS_LATENCY_48,46
PROCESS_LATENCY_49,46
PROCESS_LATENCY_50,47
PROCESS_LATENCY_51,46
PROCESS_LATENCY_52,46
PROCESS_LATENCY_53,47
PROCESS_LATENCY_54,46
PROCESS_LATENCY_55,46
PROCESS_LATENCY_56,45
PROCESS_LATENCY_57,45
PROCESS_LATENCY_58,45
PROCESS_LATENCY_59,41
PROCESS_LATENCY_60,41
PROCESS_LATENCY_61,42
PROCESS_LATENCY_62,47
PROCESS_LATENCY_63,43
PROCESS_LATENCY_64,43
PROCESS_LATENCY_65,42
PROCESS_LATENCY_66,42
PROCESS_LATENCY_67,42
PROCESS_LATENCY_68,42
PROCESS_LATENCY_69,42
PROCESS_LATENCY_70,42
PROCESS_LATENCY_71,42
PROCESS_LATENCY_72,41
PROCESS_LATENCY_73,43
PROCESS_LATENCY_74,42
PROCESS_LATENCY_75,41
PROCESS_LATENCY_76,41
PROCESS_LATENCY_77,46
PROCESS_LATENCY_78,45
PROCESS_LATENCY_79,46
PROCESS_LATENCY_80,44
PROCESS_LATENCY_81,46
PROCESS_LATENCY_82,46
PROCESS_LATENCY_83,58
PROCESS_LATENCY_84,45
PROCESS_LATENCY_85,45
PROCESS_LATENCY_86,46
PROCESS_LATENCY_87,45
PROCESS_LATENCY_88,47
PROCESS_LATENCY_89,47
PROCESS_LATENCY_90,46
PROCESS_LATENCY_91,46
PROCESS_LATENCY_92,46
PROCESS_LATENCY_93,46
PROCESS_LATENCY_94,46
PROCESS_LATENCY_95,45
PROCESS_LATENCY_96,47
PROCESS_LATENCY_97,45
PROCESS_LATENCY_98,46
PROCESS_LATENCY_99,46
PROCESS_LATENCY_100,46
PROCESS_LATENCY_101,47
PROCESS_LATENCY_102,43
PROCESS_LATENCY_103,43
PROCESS_LATENCY_104,42
PROCESS_LATENCY_105,43
PROCESS_LATENCY_106,43
PROCESS_LATENCY_107,44
PROCESS_LATENCY_108,44
PROCESS_LATENCY_109,43
PROCESS_LATENCY_110,44
PROCESS_LATENCY_111,44
PROCESS_LATENCY_112,44
PROCESS_LATENCY_113,43
PROCESS_LATENCY_114,44
PROCESS_LATENCY_115,44
PROCESS_LATENCY_116,44
PROCESS_LATENCY_117,44
PROCESS_LATENCY_118,44
PROCESS_LATENCY_119,44
PROCESS_LATENCY_120,46
PROCESS_LATENCY_121,45
PROCESS_LATENCY_122,47
PROCESS_LATENCY_123,46
PROCESS_LATENCY_124,46
PROCESS_LATENCY_125,47
PROCESS_LATENCY_126,46
PROCESS_LATENCY_127,46
PROCESS_LATENCY_128,45
PROCESS_LATENCY_129,45
PROCESS_LATENCY_130,46
PROCESS_LATENCY_131,46
PROCESS_LATENCY_132,47
PROCESS_LATENCY_133,45
PROCESS_LATENCY_134,46
PROCESS_LATENCY_135,47
PROCESS_LATENCY_136,46
PROCESS_LATENCY_137,46
PROCESS_LATENCY_138,46
PROCESS_LATENCY_139,45
PROCESS_LATENCY_140,46
PROCESS_LATENCY_141,47
PROCESS_LATENCY_142,46
PROCESS_LATENCY_143,46
PROCESS_LATENCY_144,47
PROCESS_LATENCY_145,46
PROCESS_LATENCY_146,46
PROCESS_LATENCY_147,46
PROCESS_LATENCY_148,46
PROCESS_LATENCY_149,46
PROCESS_LATENCY_150,46
PROCESS_LATENCY_151,46
PROCESS_LATENCY_152,47
PROCESS_LATENCY_153,47
PROCESS_LATENCY_154,47
PROCESS_LATENCY_155,47
PROCESS_LATENCY_156,47
PROCESS_LATENCY_157,46
PROCESS_LATENCY_158,47
PROCESS_LATENCY_159,47
PROCESS_LATENCY_160,45
PROCESS_LATENCY_161,46
PROCESS_LATENCY_162,46
PROCESS_LATENCY_163,46
PROCESS_LATENCY_164,47
PROCESS_LATENCY_165,47
PROCESS_LATENCY_166,46
PROCESS_LATENCY_167,46
PROCESS_LATENCY_168,46
PROCESS_LATENCY_169,45
PROCESS_LATENCY_170,46
PROCESS_LATENCY_171,48
PROCESS_LATENCY_172,46
PROCESS_LATENCY_173,46
PROCESS_LATENCY_174,46
PROCESS_LATENCY_175,45
PROCESS_LATENCY_176,46
PROCESS_LATENCY_177,46
PROCESS_LATENCY_178,46
PROCESS_LATENCY_179,46
PROCESS_LATENCY_180,46
PROCESS_LATENCY_181,46
PROCESS_LATENCY_182,46
PROCESS_LATENCY_183,47
PROCESS_LATENCY_184,47
PROCESS_LATENCY_185,45
PROCESS_LATENCY_186,46
PROCESS_LATENCY_187,48
PROCESS_LATENCY_188,46
PROCESS_LATENCY_189,47
PROCESS_LATENCY_190,47
PROCESS_LATENCY_191,47
PROCESS_LATENCY_192,46
PROCESS_LATENCY_193,46
PROCESS_LATENCY_194,46
PROCESS_LATENCY_195,46
PROCESS_LATENCY_196,47
PROCESS_LATENCY_197,45
PROCESS_LATENCY_198,46
PROCESS_LATENCY_199,47
PROCESS_LATENCY_200,46
PROCESS_LATENCY_201,46
PROCESS_LATENCY_202,47
PROCESS_LATENCY_203,46
PROCESS_LATENCY_204,47
PROCESS_LATENCY_205,46
PROCESS_LATENCY_206,54
PROCESS_LATENCY_207,46
PROCESS_LATENCY_208,46
PROCESS_LATENCY_209,47
PROCESS_LATENCY_210,46
PROCESS_LATENCY_211,46
PROCESS_LATENCY_212,46
PROCESS_LATENCY_213,47
PROCESS_LATENCY_214,46
PROCESS_LATENCY_215,46
PROCESS_LATENCY_216,47
PROCESS_LATENCY_217,46
PROCESS_LATENCY_218,46
PROCESS_LATENCY_219,47
PROCESS_LATENCY_220,47
PROCESS_LATENCY_221,46
PROCESS_LATENCY_222,46
PROCESS_LATENCY_223,46
PROCESS_LATENCY_224,46
PROCESS_LATENCY_225,47
PROCESS_LATENCY_226,46
PROCESS_LATENCY_227,44
PROCESS_LATENCY_228,46
PROCESS_LATENCY_229,46
PROCESS_LATENCY_230,46
PROCESS_LATENCY_231,46
PROCESS_LATENCY_232,46
PROCESS_LATENCY_233,46
PROCESS_LATENCY_234,46
PROCESS_LATENCY_235,47
PROCESS_LATENCY_236,46
PROCESS_LATENCY_237,46
PROCESS_LATENCY_238,46
PROCESS_LATENCY_239,46
PROCESS_LATENCY_240,46
PROCESS_LATENCY_241,46
PROCESS_LATENCY_242,47
PROCESS_LATENCY_243,47
PROCESS_LATENCY_244,46
PROCESS_LATENCY_245,46
PROCESS_LATENCY_246,46
PROCESS_LATENCY_247,46
PROCESS_LATENCY_248,46
PROCESS_LATENCY_249,46
PROCESS_LATENCY_250,46
PROCESS_LATENCY_251,46
PROCESS_LATENCY_252,46
PROCESS_LATENCY_253,46
PROCESS_LATENCY_254,46
PROCESS_LATENCY_255,46
PROCESS_LATENCY_256,47
PROCESS_LATENCY_257,46
PROCESS_LATENCY_258,45
PROCESS_LATENCY_259,46
PROCESS_LATENCY_260,46
PROCESS_LATENCY_261,46
PROCESS_LATENCY_262,46
PROCESS_LATENCY_263,46
PROCESS_LATENCY_264,47
PROCESS_LATENCY_265,47
PROCESS_LATENCY_266,46
PROCESS_LATENCY_267,47
PROCESS_LATENCY_268,46
PROCESS_LATENCY_269,46
PROCESS_LATENCY_270,46
PROCESS_LATENCY_271,47
PROCESS_LATENCY_272,47
PROCESS_LATENCY_273,46
PROCESS_LATENCY_274,46
PROCESS_LATENCY_275,46
PROCESS_LATENCY_276,46
PROCESS_LATENCY_277,53
PROCESS_LATENCY_278,46
PROCESS_LATENCY_279,47
PROCESS_LATENCY_280,49
PROCESS_LATENCY_281,46
PROCESS_LATENCY_282,46
PROCESS_LATENCY_283,46
PROCESS_LATENCY_284,46
PROCESS_LATENCY_285,46
PROCESS_LATENCY_286,46
PROCESS_LATENCY_287,46
PROCESS_LATENCY_288,47
PROCESS_LATENCY_289,46
PROCESS_LATENCY_290,47
PROCESS_LATENCY_291,46
PROCESS_LATENCY_292,46
PROCESS_LATENCY_293,46
PROCESS_LATENCY_294,48
PROCESS_LATENCY_295,46
PROCESS_LATENCY_296,46
PROCESS_LATENCY_297,46
PROCESS_LATENCY_298,45
PROCESS_LATENCY_299,48
PROCESS_LATENCY_300,47
PROCESS_LATENCY_301,46
PROCESS_LATENCY_302,47
PROCESS_LATENCY_303,46
PROCESS_LATENCY_304,47
PROCESS_LATENCY_305,45
PROCESS_LATENCY_306,45
PROCESS_LATENCY_307,50
PROCESS_LATENCY_308,47
PROCESS_LATENCY_309,47
PROCESS_LATENCY_310,46
PROCESS_LATENCY_311,46
PROCESS_LATENCY_312,46
PROCESS_LATENCY_313,46
PROCESS_LATENCY_314,46
PROCESS_LATENCY_315,46
PROCESS_LATENCY_316,46
PROCESS_LATENCY_317,46
PROCESS_LATENCY_318,46
PROCESS_LATENCY_319,46
PROCESS_LATENCY_320,46
PROCESS_LATENCY_321,46
PROCESS_LATENCY_322,46
PROCESS_LATENCY_323,45
PROCESS_LATENCY_324,46
PROCESS_LATENCY_325,47
PROCESS_LATENCY_326,46
PROCESS_LATENCY_327,46
PROCESS_LATENCY_328,45
PROCESS_LATENCY_329,47
PROCESS_LATENCY_330,45
PROCESS_LATENCY_331,46
PROCESS_LATENCY_332,46
PROCESS_LATENCY_333,45
PROCESS_LATENCY_334,46
PROCESS_LATENCY_335,47
PROCESS_LATENCY_336,46
PROCESS_LATENCY_337,54
PROCESS_LATENCY_338,46
PROCESS_LATENCY_339,46
PROCESS_LATENCY_340,49
PROCESS_LATENCY_341,46
PROCESS_LATENCY_342,47
PROCESS_LATENCY_343,46
PROCESS_LATENCY_344,46
PROCESS_LATENCY_345,46
PROCESS_LATENCY_346,47
PROCESS_LATENCY_347,47
PROCESS_LATENCY_348,50
PROCESS_LATENCY_349,47
PROCESS_LATENCY_350,46
PROCESS_LATENCY_351,46
PROCESS_LATENCY_352,47
PROCESS_LATENCY_353,46
PROCESS_LATENCY_354,45
PROCESS_LATENCY_355,46
PROCESS_LATENCY_356,47
PROCESS_LATENCY_357,46
PROCESS_LATENCY_358,46
PROCESS_LATENCY_359,47
PROCESS_LATENCY_360,46
PROCESS_LATENCY_361,46
PROCESS_LATENCY_362,52
PROCESS_LATENCY_363,46
PROCESS_LATENCY_364,46
PROCESS_LATENCY_365,45
PROCESS_LATENCY_366,46
PROCESS_LATENCY_367,46
PROCESS_LATENCY_368,60
PROCESS_LATENCY_369,47
PROCESS_LATENCY_370,46
PROCESS_LATENCY_371,45
PROCESS_LATENCY_372,46
PROCESS_LATENCY_373,47
PROCESS_LATENCY_374,46
PROCESS_LATENCY_375,46
PROCESS_LATENCY_376,46
PROCESS_LATENCY_377,47
PROCESS_LATENCY_378,46
PROCESS_LATENCY_379,46
PROCESS_LATENCY_380,46
PROCESS_LATENCY_381,47
PROCESS_LATENCY_382,47
PROCESS_LATENCY_383,48
PROCESS_LATENCY_384,45
PROCESS_LATENCY_385,47
PROCESS_LATENCY_386,46
PROCESS_LATENCY_387,46
PROCESS_LATENCY_388,45
PROCESS_LATENCY_389,46
PROCESS_LATENCY_390,47
PROCESS_LATENCY_391,46
PROCESS_LATENCY_392,46
PROCESS_LATENCY_393,46
PROCESS_LATENCY_394,46
PROCESS_LATENCY_395,47
PROCESS_LATENCY_396,46
PROCESS_LATENCY_397,46
PROCESS_LATENCY_398,47
PROCESS_LATENCY_399,47
PROCESS_LATENCY_400,46
PROCESS_LATENCY_401,47
PROCESS_LATENCY_402,46
PROCESS_LATENCY_403,47
PROCESS_LATENCY_404,48
PROCESS_LATENCY_405,46
PROCESS_LATENCY_406,49
PROCESS_LATENCY_407,47
PROCESS_LATENCY_408,46
PROCESS_LATENCY_409,45
PROCESS_LATENCY_410,46
PROCESS_LATENCY_411,46
PROCESS_LATENCY_412,47
PROCESS_LATENCY_413,47
PROCESS_LATENCY_414,46
PROCESS_LATENCY_415,48
PROCESS_LATENCY_416,46
PROCESS_LATENCY_417,47
PROCESS_LATENCY_418,46
PROCESS_LATENCY_419,46
PROCESS_LATENCY_420,46
PROCESS_LATENCY_421,46
PROCESS_LATENCY_422,47
PROCESS_LATENCY_423,46
PROCESS_LATENCY_424,49
PROCESS_LATENCY_425,47
PROCESS_LATENCY_426,46
PROCESS_LATENCY_427,46
PROCESS_LATENCY_428,45
PROCESS_LATENCY_429,46
PROCESS_LATENCY_430,46
PROCESS_LATENCY_431,46
PROCESS_LATENCY_432,46
PROCESS_LATENCY_433,46
PROCESS_LATENCY_434,46
PROCESS_LATENCY_435,46
PROCESS_LATENCY_436,46
PROCESS_LATENCY_437,46
PROCESS_LATENCY_438,47
PROCESS_LATENCY_439,46
PROCESS_LATENCY_440,46
PROCESS_LATENCY_441,46
PROCESS_LATENCY_442,47
PROCESS_LATENCY_443,45
PROCESS_LATENCY_444,46
PROCESS_LATENCY_445,46
PROCESS_LATENCY_446,46
PROCESS_LATENCY_447,47
PROCESS_LATENCY_448,47
PROCESS_LATENCY_449,46
PROCESS_LATENCY_450,46
PROCESS_LATENCY_451,45
PROCESS_LATENCY_452,46
PROCESS_LATENCY_453,47
PROCESS_LATENCY_454,46
PROCESS_LATENCY_455,47
PROCESS_LATENCY_456,46
PROCESS_LATENCY_457,47
PROCESS_LATENCY_458,46
PROCESS_LATENCY_459,46
PROCESS_LATENCY_460,46
PROCESS_LATENCY_461,46
PROCESS_LATENCY_462,46
PROCESS_LATENCY_463,46
PROCESS_LATENCY_464,46
PROCESS_LATENCY_465,46
PROCESS_LATENCY_466,47
PROCESS_LATENCY_467,47
PROCESS_LATENCY_468,47
PROCESS_LATENCY_469,47
PROCESS_LATENCY_470,47
PROCESS_LATENCY_471,46
PROCESS_LATENCY_472,46
PROCESS_LATENCY_473,47
PROCESS_LATENCY_474,47
PROCESS_LATENCY_475,47
PROCESS_LATENCY_476,47
PROCESS_LATENCY_477,47
PROCESS_LATENCY_478,46
PROCESS_LATENCY_479,45
PROCESS_LATENCY_480,46
PROCESS_LATENCY_481,55
PROCESS_LATENCY_482,56
PROCESS_LATENCY_483,55
PROCESS_LATENCY_484,46
PROCESS_LATENCY_485,46
PROCESS_LATENCY_486,46
PROCESS_LATENCY_487,46
PROCESS_LATENCY_488,47
PROCESS_LATENCY_489,46
PROCESS_LATENCY_490,46
PROCESS_LATENCY_491,51
PROCESS_LATENCY_492,47
PROCESS_LATENCY_493,47
PROCESS_LATENCY_494,47
PROCESS_LATENCY_495,46
PROCESS_LATENCY_496,46
PROCESS_LATENCY_497,46
PROCESS_LATENCY_498,47
PROCESS_LATENCY_499,46
PROCESS_LATENCY_500,46
PROCESS_LATENCY_501,46
PROCESS_LATENCY_502,46
PROCESS_LATENCY_503,47
PROCESS_LATENCY_504,47
PROCESS_LATENCY_505,47
PROCESS_LATENCY_506,46
PROCESS_LATENCY_507,46
PROCESS_LATENCY_508,47
PROCESS_LATENCY_509,52
PROCESS_LATENCY_510,46
PROCESS_LATENCY_511,46
PROCESS_LATENCY_512,47
PROCESS_LATENCY_513,46
PROCESS_LATENCY_514,46
PROCESS_LATENCY_515,46
PROCESS_LATENCY_516,46
PROCESS_LATENCY_517,44
PROCESS_LATENCY_518,45
PROCESS_LATENCY_519,46
PROCESS_LATENCY_520,46
PROCESS_LATENCY_521,46
PROCESS_LATENCY_522,47
PROCESS_LATENCY_523,48
PROCESS_LATENCY_524,46
PROCESS_LATENCY_525,46
PROCESS_LATENCY_526,47
PROCESS_LATENCY_527,47
PROCESS_LATENCY_528,47
PROCESS_LATENCY_529,46
PROCESS_LATENCY_530,46
PROCESS_LATENCY_531,46
PROCESS_LATENCY_532,47
PROCESS_LATENCY_533,46
PROCESS_LATENCY_534,46
PROCESS_LATENCY_535,46
PROCESS_LATENCY_536,46
PROCESS_LATENCY_537,46
PROCESS_LATENCY_538,47
PROCESS_LATENCY_539,46
PROCESS_LATENCY_540,46
PROCESS_LATENCY_541,46
PROCESS_LATENCY_542,46
PROCESS_LATENCY_543,46
PROCESS_LATENCY_544,51
PROCESS_LATENCY_545,51
PROCESS_LATENCY_546,48
PROCESS_LATENCY_547,47
PROCESS_LATENCY_548,46
PROCESS_LATENCY_549,46
PROCESS_LATENCY_550,46
PROCESS_LATENCY_551,46
PROCESS_LATENCY_552,47
PROCESS_LATENCY_553,47
PROCESS_LATENCY_554,48
PROCESS_LATENCY_555,51
PROCESS_LATENCY_556,46
PROCESS_LATENCY_557,45
PROCESS_LATENCY_558,46
PROCESS_LATENCY_559,45
PROCESS_LATENCY_560,46
PROCESS_LATENCY_561,46
PROCESS_LATENCY_562,46
PROCESS_LATENCY_563,46
PROCESS_LATENCY_564,45
PROCESS_LATENCY_565,46
PROCESS_LATENCY_566,46
PROCESS_LATENCY_567,46
PROCESS_LATENCY_568,47
PROCESS_LATENCY_569,46
PROCESS_LATENCY_570,46
PROCESS_LATENCY_571,47
PROCESS_LATENCY_572,45
PROCESS_LATENCY_573,54
PROCESS_LATENCY_574,45
PROCESS_LATENCY_575,46
PROCESS_LATENCY_576,46
PROCESS_LATENCY_577,47
PROCESS_LATENCY_578,47
PROCESS_LATENCY_579,48
PROCESS_LATENCY_580,48
PROCESS_LATENCY_581,47
PROCESS_LATENCY_582,49
PROCESS_LATENCY_583,47
PROCESS_LATENCY_584,47
PROCESS_LATENCY_585,50
PROCESS_LATENCY_586,46
PROCESS_LATENCY_587,46
PROCESS_LATENCY_588,46
PROCESS_LATENCY_589,46
PROCESS_LATENCY_590,46
PROCESS_LATENCY_591,47
PROCESS_LATENCY_592,46
PROCESS_LATENCY_593,47
PROCESS_LATENCY_594,46
PROCESS_LATENCY_595,46
PROCESS_LATENCY_596,46
PROCESS_LATENCY_597,46
PROCESS_LATENCY_598,47
PROCESS_LATENCY_599,46
PROCESS_LATENCY_600,46
PROCESS_LATENCY_601,47
PROCESS_LATENCY_602,46
PROCESS_LATENCY_603,46
PROCESS_LATENCY_604,46
PROCESS_LATENCY_605,46
PROCESS_LATENCY_606,46
PROCESS_LATENCY_607,46
PROCESS_LATENCY_608,46
PROCESS_LATENCY_609,46
PROCESS_LATENCY_610,53
PROCESS_LATENCY_611,46
PROCESS_LATENCY_612,46
PROCESS_LATENCY_613,46
PROCESS_LATENCY_614,46
PROCESS_LATENCY_615,46
PROCESS_LATENCY_616,47
PROCESS_LATENCY_617,46
PROCESS_LATENCY_618,45
PROCESS_LATENCY_619,47
PROCESS_LATENCY_620,46
PROCESS_LATENCY_621,47
PROCESS_LATENCY_622,46
PROCESS_LATENCY_623,46
PROCESS_LATENCY_624,46
PROCESS_LATENCY_625,46
PROCESS_LATENCY_626,46
PROCESS_LATENCY_627,46
PROCESS_LATENCY_628,47
PROCESS_LATENCY_629,45
PROCESS_LATENCY_630,47
PROCESS_LATENCY_631,46
PROCESS_LATENCY_632,46
PROCESS_LATENCY_633,46
PROCESS_LATENCY_634,46
PROCESS_LATENCY_635,46
PROCESS_LATENCY_636,52
PROCESS_LATENCY_637,46
PROCESS_LATENCY_638,46
PROCESS_LATENCY_639,47
PROCESS_LATENCY_640,47
PROCESS_LATENCY_641,47
PROCESS_LATENCY_642,46
PROCESS_LATENCY_643,46
PROCESS_LATENCY_644,47
PROCESS_LATENCY_645,47
PROCESS_LATENCY_646,47
PROCESS_LATENCY_647,47
PROCESS_LATENCY_648,46
PROCESS_LATENCY_649,48
PROCESS_LATENCY_650,46
PROCESS_LATENCY_651,48
PROCESS_LATENCY_652,46
PROCESS_LATENCY_653,47
PROCESS_LATENCY_654,46
PROCESS_LATENCY_655,47
PROCESS_LATENCY_656,46
PROCESS_LATENCY_657,46
PROCESS_LATENCY_658,46
PROCESS_LATENCY_659,47
PROCESS_LATENCY_660,47
PROCESS_LATENCY_661,47
PROCESS_LATENCY_662,47
PROCESS_LATENCY_663,47
PROCESS_LATENCY_664,46
PROCESS_LATENCY_665,46
PROCESS_LATENCY_666,46
PROCESS_LATENCY_667,46
PROCESS_LATENCY_668,46
PROCESS_LATENCY_669,47
PROCESS_LATENCY_670,46
PROCESS_LATENCY_671,47
PROCESS_LATENCY_672,47
PROCESS_LATENCY_673,46
PROCESS_LATENCY_674,45
PROCESS_LATENCY_675,48
PROCESS_LATENCY_676,47
PROCESS_LATENCY_677,47
PROCESS_LATENCY_678,47
PROCESS_LATENCY_679,47
PROCESS_LATENCY_680,47
PROCESS_LATENCY_681,47
PROCESS_LATENCY_682,48
PROCESS_LATENCY_683,47
PROCESS_LATENCY_684,46
PROCESS_LATENCY_685,47
PROCESS_LATENCY_686,46
PROCESS_LATENCY_687,47
PROCESS_LATENCY_688,46
PROCESS_LATENCY_689,46
PROCESS_LATENCY_690,46
PROCESS_LATENCY_691,46
PROCESS_LATENCY_692,46
PROCESS_LATENCY_693,46
PROCESS_LATENCY_694,47
PROCESS_LATENCY_695,47
PROCESS_LATENCY_696,46
PROCESS_LATENCY_697,46
PROCESS_LATENCY_698,46
PROCESS_LATENCY_699,45
PROCESS_LATENCY_700,47
PROCESS_LATENCY_701,45
PROCESS_LATENCY_702,47
PROCESS_LATENCY_703,45
PROCESS_LATENCY_704,45
PROCESS_LATENCY_705,47
PROCESS_LATENCY_706,46
PROCESS_LATENCY_707,46
PROCESS_LATENCY_708,47
PROCESS_LATENCY_709,47
PROCESS_LATENCY_710,46
PROCESS_LATENCY_711,47
PROCESS_LATENCY_712,46
PROCESS_LATENCY_713,47
PROCESS_LATENCY_714,46
PROCESS_LATENCY_715,47
PROCESS_LATENCY_716,46
PROCESS_LATENCY_717,46
PROCESS_LATENCY_718,47
PROCESS_LATENCY_719,46
PROCESS_LATENCY_720,46
PROCESS_LATENCY_721,46
PROCESS_LATENCY_722,50
PROCESS_LATENCY_723,51
PROCESS_LATENCY_724,46
PROCESS_LATENCY_725,46
PROCESS_LATENCY_726,47
PROCESS_LATENCY_727,47
PROCESS_LATENCY_728,46
PROCESS_LATENCY_729,47
PROCESS_LATENCY_730,47
PROCESS_LATENCY_731,46
PROCESS_LATENCY_732,47
PROCESS_LATENCY_733,50
PROCESS_LATENCY_734,45
PROCESS_LATENCY_735,47
PROCESS_LATENCY_736,47
PROCESS_LATENCY_737,46
PROCESS_LATENCY_738,46
PROCESS_LATENCY_739,45
PROCESS_LATENCY_740,46
PROCESS_LATENCY_741,46
PROCESS_LATENCY_742,46
PROCESS_LATENCY_743,46
PROCESS_LATENCY_744,46
PROCESS_LATENCY_745,46
PROCESS_LATENCY_746,46
PROCESS_LATENCY_747,46
PROCESS_LATENCY_748,47
PROCESS_LATENCY_749,45
PROCESS_LATENCY_750,46
PROCESS_LATENCY_751,46
PROCESS_LATENCY_752,45
PROCESS_LATENCY_753,46
PROCESS_LATENCY_754,46
PROCESS_LATENCY_755,46
PROCESS_LATENCY_756,46
PROCESS_LATENCY_757,46
PROCESS_LATENCY_758,46
PROCESS_LATENCY_759,57
PROCESS_LATENCY_760,47
PROCESS_LATENCY_761,47
PROCESS_LATENCY_762,47
PROCESS_LATENCY_763,45
PROCESS_LATENCY_764,47
PROCESS_LATENCY_765,47
PROCESS_LATENCY_766,46
PROCESS_LATENCY_767,46
PROCESS_LATENCY_768,46
PROCESS_LATENCY_769,47
PROCESS_LATENCY_770,46
PROCESS_LATENCY_771,46
PROCESS_LATENCY_772,51
PROCESS_LATENCY_773,46
PROCESS_LATENCY_774,46
PROCESS_LATENCY_775,46
PROCESS_LATENCY_776,47
PROCESS_LATENCY_777,47
PROCESS_LATENCY_778,47
PROCESS_LATENCY_779,46
PROCESS_LATENCY_780,45
PROCESS_LATENCY_781,47
PROCESS_LATENCY_782,46
PROCESS_LATENCY_783,46
PROCESS_LATENCY_784,47
PROCESS_LATENCY_785,47
PROCESS_LATENCY_786,46
PROCESS_LATENCY_787,46
PROCESS_LATENCY_788,46
PROCESS_LATENCY_789,46
PROCESS_LATENCY_790,44
PROCESS_LATENCY_791,46
PROCESS_LATENCY_792,46
PROCESS_LATENCY_793,47
PROCESS_LATENCY_794,47
PROCESS_LATENCY_795,46
PROCESS_LATENCY_796,45
PROCESS_LATENCY_797,47
PROCESS_LATENCY_798,46
PROCESS_LATENCY_799,46
PROCESS_LATENCY_800,46
PROCESS_LATENCY_801,46
PROCESS_LATENCY_802,50
PROCESS_LATENCY_803,47
PROCESS_LATENCY_804,47
PROCESS_LATENCY_805,46
PROCESS_LATENCY_806,47
PROCESS_LATENCY_807,46
PROCESS_LATENCY_808,46
PROCESS_LATENCY_809,45
PROCESS_LATENCY_810,46
PROCESS_LATENCY_811,47
PROCESS_LATENCY_812,56
PROCESS_LATENCY_813,46
PROCESS_LATENCY_814,46
PROCESS_LATENCY_815,46
PROCESS_LATENCY_816,45
PROCESS_LATENCY_817,46
PROCESS_LATENCY_818,46
PROCESS_LATENCY_819,47
PROCESS_LATENCY_820,46
PROCESS_LATENCY_821,46
PROCESS_LATENCY_822,47
PROCESS_LATENCY_823,47
PROCESS_LATENCY_824,46
PROCESS_LATENCY_825,46
PROCESS_LATENCY_826,46
PROCESS_LATENCY_827,47
PROCESS_LATENCY_828,46
PROCESS_LATENCY_829,46
PROCESS_LATENCY_830,47
PROCESS_LATENCY_831,46
PROCESS_LATENCY_832,46
PROCESS_LATENCY_833,47
PROCESS_LATENCY_834,47
PROCESS_LATENCY_835,50
PROCESS_LATENCY_836,46
PROCESS_LATENCY_837,46
PROCESS_LATENCY_838,46
PROCESS_LATENCY_839,46
PROCESS_LATENCY_840,46
PROCESS_LATENCY_841,46
PROCESS_LATENCY_842,46
PROCESS_LATENCY_843,47
PROCESS_LATENCY_844,46
PROCESS_LATENCY_845,46
PROCESS_LATENCY_846,47
PROCESS_LATENCY_847,46
PROCESS_LATENCY_848,46
PROCESS_LATENCY_849,46
PROCESS_LATENCY_850,46
PROCESS_LATENCY_851,46
PROCESS_LATENCY_852,46
PROCESS_LATENCY_853,46
PROCESS_LATENCY_854,46
PROCESS_LATENCY_855,46
PROCESS_LATENCY_856,46
PROCESS_LATENCY_857,46
PROCESS_LATENCY_858,46
PROCESS_LATENCY_859,45
PROCESS_LATENCY_860,46
PROCESS_LATENCY_861,46
PROCESS_LATENCY_862,46
PROCESS_LATENCY_863,46
PROCESS_LATENCY_864,46
PROCESS_LATENCY_865,46
PROCESS_LATENCY_866,47
PROCESS_LATENCY_867,45
PROCESS_LATENCY_868,46
PROCESS_LATENCY_869,47
PROCESS_LATENCY_870,46
PROCESS_LATENCY_871,46
PROCESS_LATENCY_872,46
PROCESS_LATENCY_873,48
PROCESS_LATENCY_874,47
PROCESS_LATENCY_875,46
PROCESS_LATENCY_876,48
PROCESS_LATENCY_877,46
PROCESS_LATENCY_878,46
PROCESS_LATENCY_879,47
PROCESS_LATENCY_880,47
PROCESS_LATENCY_881,45
PROCESS_LATENCY_882,46
PROCESS_LATENCY_883,46
PROCESS_LATENCY_884,46
PROCESS_LATENCY_885,47
PROCESS_LATENCY_886,45
PROCESS_LATENCY_887,46
PROCESS_LATENCY_888,47
PROCESS_LATENCY_889,47
PROCESS_LATENCY_890,46
PROCESS_LATENCY_891,46
PROCESS_LATENCY_892,47
PROCESS_LATENCY_893,47
PROCESS_LATENCY_894,50
PROCESS_LATENCY_895,46
PROCESS_LATENCY_896,47
PROCESS_LATENCY_897,51
PROCESS_LATENCY_898,47
PROCESS_LATENCY_899,46
PROCESS_LATENCY_900,46
PROCESS_LATENCY_901,51
PROCESS_LATENCY_902,46
PROCESS_LATENCY_903,46
PROCESS_LATENCY_904,46
PROCESS_LATENCY_905,46
PROCESS_LATENCY_906,46
PROCESS_LATENCY_907,46
PROCESS_LATENCY_908,45
PROCESS_LATENCY_909,47
PROCESS_LATENCY_910,46
PROCESS_LATENCY_911,46
PROCESS_LATENCY_912,46
PROCESS_LATENCY_913,47
PROCESS_LATENCY_914,46
PROCESS_LATENCY_915,47
PROCESS_LATENCY_916,47
PROCESS_LATENCY_917,47
PROCESS_LATENCY_918,47
PROCESS_LATENCY_919,46
PROCESS_LATENCY_920,46
PROCESS_LATENCY_921,46
PROCESS_LATENCY_922,46
PROCESS_LATENCY_923,46
PROCESS_LATENCY_924,47
PROCESS_LATENCY_925,47
PROCESS_LATENCY_926,47
PROCESS_LATENCY_927,46
PROCESS_LATENCY_928,47
PROCESS_LATENCY_929,46
PROCESS_LATENCY_930,47
PROCESS_LATENCY_931,48
PROCESS_LATENCY_932,46
PROCESS_LATENCY_933,46
PROCESS_LATENCY_934,46
PROCESS_LATENCY_935,46
PROCESS_LATENCY_936,47
PROCESS_LATENCY_937,46
PROCESS_LATENCY_938,47
PROCESS_LATENCY_939,46
PROCESS_LATENCY_940,46
PROCESS_LATENCY_941,47
PROCESS_LATENCY_942,47
PROCESS_LATENCY_943,46
PROCESS_LATENCY_944,46
PROCESS_LATENCY_945,46
PROCESS_LATENCY_946,46
PROCESS_LATENCY_947,47
PROCESS_LATENCY_948,46
PROCESS_LATENCY_949,46
PROCESS_LATENCY_950,46
PROCESS_LATENCY_951,46
PROCESS_LATENCY_952,46
PROCESS_LATENCY_953,46
PROCESS_LATENCY_954,46
PROCESS_LATENCY_955,46
PROCESS_LATENCY_956,47
PROCESS_LATENCY_957,46
PROCESS_LATENCY_958,44
PROCESS_LATENCY_959,45
PROCESS_LATENCY_960,47
PROCESS_LATENCY_961,46
PROCESS_LATENCY_962,45
PROCESS_LATENCY_963,46
PROCESS_LATENCY_964,46
PROCESS_LATENCY_965,47
PROCESS_LATENCY_966,46
PROCESS_LATENCY_967,46
PROCESS_LATENCY_968,46
PROCESS_LATENCY_969,46
PROCESS_LATENCY_970,47
PROCESS_LATENCY_971,45
PROCESS_LATENCY_972,47
PROCESS_LATENCY_973,46
PROCESS_LATENCY_974,46
PROCESS_LATENCY_975,46
PROCESS_LATENCY_976,46
PROCESS_LATENCY_977,45
PROCESS_LATENCY_978,46
PROCESS_LATENCY_979,46
PROCESS_LATENCY_980,46
PROCESS_LATENCY_981,47
PROCESS_LATENCY_982,47
PROCESS_LATENCY_983,45
PROCESS_LATENCY_984,46
PROCESS_LATENCY_985,46
PROCESS_LATENCY_986,45
PROCESS_LATENCY_987,46
PROCESS_LATENCY_988,46
PROCESS_LATENCY_989,46
PROCESS_LATENCY_990,47
PROCESS_LATENCY_991,46
PROCESS_LATENCY_992,46
PROCESS_LATENCY_993,47
PROCESS_LATENCY_994,46
PROCESS_LATENCY_995,46
PROCESS_LATENCY_996,46
PROCESS_LATENCY_997,47
PROCESS_LATENCY_998,46
PROCESS_LATENCY_999,47
PROCESS_LATENCY_1000,45
PROCESS_LATENCY_1001,46
PROCESS_LATENCY_1002,46
PROCESS_LATENCY_1003,47
PROCESS_LATENCY_1004,46
PROCESS_LATENCY_1005,47
PROCESS_LATENCY_1006,47
PROCESS_LATENCY_1007,46
PROCESS_LATENCY_1008,46
PROCESS_LATENCY_1009,46
PROCESS_LATENCY_1010,47
PROCESS_LATENCY_1011,46
PROCESS_LATENCY_1012,47
PROCESS_LATENCY_1013,46
PROCESS_LATENCY_1014,46
PROCESS_LATENCY_1015,47
PROCESS_LATENCY_1016,46
PROCESS_LATENCY_1017,47
PROCESS_LATENCY_1018,47
PROCESS_LATENCY_1019,46
PROCESS_LATENCY_1020,47
PROCESS_LATENCY_1021,46
PROCESS_LATENCY_1022,47
PROCESS_LATENCY_1023,47
PROCESS_LATENCY_1024,46
PROCESS_LATENCY_1025,48
PROCESS_LATENCY_1026,46
PROCESS_LATENCY_1027,46
PROCESS_LATENCY_1028,47
PROCESS_LATENCY_1029,46
PROCESS_LATENCY_1030,47
PROCESS_LATENCY_1031,46
PROCESS_LATENCY_1032,46
PROCESS_LATENCY_1033,46
PROCESS_LATENCY_1034,47
PROCESS_LATENCY_1035,45
PROCESS_LATENCY_1036,46
PROCESS_LATENCY_1037,46
PROCESS_LATENCY_1038,47
PROCESS_LATENCY_1039,52
PROCESS_LATENCY_1040,46
PROCESS_LATENCY_1041,46
PROCESS_LATENCY_1042,46
PROCESS_LATENCY_1043,46
PROCESS_LATENCY_1044,46
PROCESS_LATENCY_1045,46
PROCESS_LATENCY_1046,46
PROCESS_LATENCY_1047,46
PROCESS_LATENCY_1048,46
PROCESS_LATENCY_1049,46
PROCESS_LATENCY_1050,46
PROCESS_LATENCY_1051,46
PROCESS_LATENCY_1052,46
PROCESS_LATENCY_1053,47
PROCESS_LATENCY_1054,46
PROCESS_LATENCY_1055,47
PROCESS_LATENCY_1056,47
PROCESS_LATENCY_1057,47
PROCESS_LATENCY_1058,57
PROCESS_LATENCY_1059,46
PROCESS_LATENCY_1060,46
PROCESS_LATENCY_1061,46
PROCESS_LATENCY_1062,44
PROCESS_LATENCY_1063,46
PROCESS_LATENCY_1064,47
PROCESS_LATENCY_1065,46
PROCESS_LATENCY_1066,46
PROCESS_LATENCY_1067,46
PROCESS_LATENCY_1068,46
PROCESS_LATENCY_1069,46
PROCESS_LATENCY_1070,46
PROCESS_LATENCY_1071,47
PROCESS_LATENCY_1072,47
PROCESS_LATENCY_1073,47
PROCESS_LATENCY_1074,47
PROCESS_LATENCY_1075,46
PROCESS_LATENCY_1076,46
PROCESS_LATENCY_1077,46
PROCESS_LATENCY_1078,47
PROCESS_LATENCY_1079,46
PROCESS_LATENCY_1080,46
PROCESS_LATENCY_1081,46
PROCESS_LATENCY_1082,46
PROCESS_LATENCY_1083,47
PROCESS_LATENCY_1084,49
PROCESS_LATENCY_1085,46
PROCESS_LATENCY_1086,48
PROCESS_LATENCY_1087,46
PROCESS_LATENCY_1088,47
PROCESS_LATENCY_1089,47
PROCESS_LATENCY_1090,47
PROCESS_LATENCY_1091,47
PROCESS_LATENCY_1092,46
PROCESS_LATENCY_1093,46
PROCESS_LATENCY_1094,46
PROCESS_LATENCY_1095,47
PROCESS_LATENCY_1096,46
PROCESS_LATENCY_1097,46
PROCESS_LATENCY_1098,46
PROCESS_LATENCY_1099,45
PROCESS_LATENCY_1100,46
PROCESS_LATENCY_1101,46
PROCESS_LATENCY_1102,46
PROCESS_LATENCY_1103,45
PROCESS_LATENCY_1104,46
PROCESS_LATENCY_1105,47
PROCESS_LATENCY_1106,47
PROCESS_LATENCY_1107,46
PROCESS_LATENCY_1108,46
PROCESS_LATENCY_1109,46
PROCESS_LATENCY_1110,46
PROCESS_LATENCY_1111,46
PROCESS_LATENCY_1112,46
PROCESS_LATENCY_1113,46
PROCESS_LATENCY_1114,46
PROCESS_LATENCY_1115,45
PROCESS_LATENCY_1116,46
PROCESS_LATENCY_1117,46
PROCESS_LATENCY_1118,46
PROCESS_LATENCY_1119,46
PROCESS_LATENCY_1120,46
PROCESS_LATENCY_1121,46
PROCESS_LATENCY_1122,46
PROCESS_LATENCY_1123,46
PROCESS_LATENCY_1124,47
PROCESS_LATENCY_1125,46
PROCESS_LATENCY_1126,47
PROCESS_LATENCY_1127,46
PROCESS_LATENCY_1128,46
PROCESS_LATENCY_1129,46
PROCESS_LATENCY_1130,46
PROCESS_LATENCY_1131,46
PROCESS_LATENCY_1132,46
PROCESS_LATENCY_1133,49
PROCESS_LATENCY_1134,46
PROCESS_LATENCY_1135,46
PROCESS_LATENCY_1136,46
PROCESS_LATENCY_1137,46
PROCESS_LATENCY_1138,47
PROCESS_LATENCY_1139,46
PROCESS_LATENCY_1140,45
PROCESS_LATENCY_1141,45
PROCESS_LATENCY_1142,47
PROCESS_LATENCY_1143,47
PROCESS_LATENCY_1144,46
PROCESS_LATENCY_1145,46
PROCESS_LATENCY_1146,47
PROCESS_LATENCY_1147,46
PROCESS_LATENCY_1148,46
PROCESS_LATENCY_1149,46
PROCESS_LATENCY_1150,46
PROCESS_LATENCY_1151,46
PROCESS_LATENCY_1152,47
PROCESS_LATENCY_1153,46
PROCESS_LATENCY_1154,47
PROCESS_LATENCY_1155,47
PROCESS_LATENCY_1156,46
PROCESS_LATENCY_1157,46
PROCESS_LATENCY_1158,46
PROCESS_LATENCY_1159,45
PROCESS_LATENCY_1160,46
PROCESS_LATENCY_1161,47
PROCESS_LATENCY_1162,47
PROCESS_LATENCY_1163,46
PROCESS_LATENCY_1164,46
PROCESS_LATENCY_1165,46
PROCESS_LATENCY_1166,46
PROCESS_LATENCY_1167,47
PROCESS_LATENCY_1168,47
PROCESS_LATENCY_1169,46
PROCESS_LATENCY_1170,46
PROCESS_LATENCY_1171,46
PROCESS_LATENCY_1172,46
PROCESS_LATENCY_1173,47
PROCESS_LATENCY_1174,47
PROCESS_LATENCY_1175,46
PROCESS_LATENCY_1176,47
PROCESS_LATENCY_1177,45
PROCESS_LATENCY_1178,46
PROCESS_LATENCY_1179,46
PROCESS_LATENCY_1180,46
PROCESS_LATENCY_1181,46
PROCESS_LATENCY_1182,45
PROCESS_LATENCY_1183,46
PROCESS_LATENCY_1184,46
PROCESS_LATENCY_1185,46
PROCESS_LATENCY_1186,46
PROCESS_LATENCY_1187,47
PROCESS_LATENCY_1188,46
PROCESS_LATENCY_1189,46
PROCESS_LATENCY_1190,51
PROCESS_LATENCY_1191,45
PROCESS_LATENCY_1192,46
PROCESS_LATENCY_1193,46
PROCESS_LATENCY_1194,46
PROCESS_LATENCY_1195,46
PROCESS_LATENCY_1196,46
PROCESS_LATENCY_1197,46
PROCESS_LATENCY_1198,46
PROCESS_LATENCY_1199,47
PROCESS_LATENCY_1200,46
PROCESS_LATENCY_1201,46
PROCESS_LATENCY_1202,45
PROCESS_LATENCY_1203,46
PROCESS_LATENCY_1204,46
PROCESS_LATENCY_1205,46
PROCESS_LATENCY_1206,46
PROCESS_LATENCY_1207,46
PROCESS_LATENCY_1208,46
PROCESS_LATENCY_1209,46
PROCESS_LATENCY_1210,44
PROCESS_LATENCY_1211,46
PROCESS_LATENCY_1212,46
PROCESS_LATENCY_1213,46
PROCESS_LATENCY_1214,45
PROCESS_LATENCY_1215,45
PROCESS_LATENCY_1216,46
PROCESS_LATENCY_1217,46
PROCESS_LATENCY_1218,46
PROCESS_LATENCY_1219,46
PROCESS_LATENCY_1220,46
PROCESS_LATENCY_1221,45
PROCESS_LATENCY_1222,46
PROCESS_LATENCY_1223,45
PROCESS_LATENCY_1224,46
PROCESS_LATENCY_1225,46
PROCESS_LATENCY_1226,46
PROCESS_LATENCY_1227,46
PROCESS_LATENCY_1228,46
PROCESS_LATENCY_1229,46
PROCESS_LATENCY_1230,46
PROCESS_LATENCY_1231,45
PROCESS_LATENCY_1232,46
PROCESS_LATENCY_1233,46
PROCESS_LATENCY_1234,45
PROCESS_LATENCY_1235,46
PROCESS_LATENCY_1236,45
PROCESS_LATENCY_1237,47
PROCESS_LATENCY_1238,47
PROCESS_LATENCY_1239,46
PROCESS_LATENCY_1240,46
PROCESS_LATENCY_1241,46
PROCESS_LATENCY_1242,45
PROCESS_LATENCY_1243,47
PROCESS_LATENCY_1244,46
PROCESS_LATENCY_1245,47
PROCESS_LATENCY_1246,46
PROCESS_LATENCY_1247,46
PROCESS_LATENCY_1248,45
PROCESS_LATENCY_1249,46
PROCESS_LATENCY_1250,46
PROCESS_LATENCY_1251,46
PROCESS_LATENCY_1252,46
PROCESS_LATENCY_1253,47
PROCESS_LATENCY_1254,46
PROCESS_LATENCY_1255,46
PROCESS_LATENCY_1256,46
PROCESS_LATENCY_1257,44
PROCESS_LATENCY_1258,46
PROCESS_LATENCY_1259,46
PROCESS_LATENCY_1260,47
PROCESS_LATENCY_1261,46
PROCESS_LATENCY_1262,46
PROCESS_LATENCY_1263,46
PROCESS_LATENCY_1264,46
PROCESS_LATENCY_1265,45
PROCESS_LATENCY_1266,47
PROCESS_LATENCY_1267,46
PROCESS_LATENCY_1268,46
PROCESS_LATENCY_1269,46
PROCESS_LATENCY_1270,46
PROCESS_LATENCY_1271,46
PROCESS_LATENCY_1272,46
PROCESS_LATENCY_1273,46
PROCESS_LATENCY_1274,46
PROCESS_LATENCY_1275,45
PROCESS_LATENCY_1276,45
PROCESS_LATENCY_1277,47
PROCESS_LATENCY_1278,46
PROCESS_LATENCY_1279,44
PROCESS_LATENCY_1280,46
PROCESS_LATENCY_1281,45
PROCESS_LATENCY_1282,45
PROCESS_LATENCY_1283,46
PROCESS_LATENCY_1284,46
PROCESS_LATENCY_1285,46
PROCESS_LATENCY_1286,46
PROCESS_LATENCY_1287,46
PROCESS_LATENCY_1288,46
PROCESS_LATENCY_1289,45
PROCESS_LATENCY_1290,46
PROCESS_LATENCY_1291,46
PROCESS_LATENCY_1292,45
PROCESS_LATENCY_1293,48
PROCESS_LATENCY_1294,46
PROCESS_LATENCY_1295,47
PROCESS_LATENCY_1296,45
PROCESS_LATENCY_1297,46
PROCESS_LATENCY_1298,47
PROCESS_LATENCY_1299,46
PROCESS_LATENCY_1300,46
PROCESS_LATENCY_1301,45
PROCESS_LATENCY_1302,46
PROCESS_LATENCY_1303,46
PROCESS_LATENCY_1304,46
PROCESS_LATENCY_1305,46
PROCESS_LATENCY_1306,46
PROCESS_LATENCY_1307,46
PROCESS_LATENCY_1308,46
PROCESS_LATENCY_1309,46
PROCESS_LATENCY_1310,45
PROCESS_LATENCY_1311,46
PROCESS_LATENCY_1312,46
PROCESS_LATENCY_1313,47
PROCESS_LATENCY_1314,46
PROCESS_LATENCY_1315,46
PROCESS_LATENCY_1316,46
PROCESS_LATENCY_1317,46
PROCESS_LATENCY_1318,46
PROCESS_LATENCY_1319,45
PROCESS_LATENCY_1320,46
PROCESS_LATENCY_1321,45
PROCESS_LATENCY_1322,46
PROCESS_LATENCY_1323,46
PROCESS_LATENCY_1324,46
PROCESS_LATENCY_1325,46
PROCESS_LATENCY_1326,46
PROCESS_LATENCY_1327,47
PROCESS_LATENCY_1328,46
PROCESS_LATENCY_1329,47
PROCESS_LATENCY_1330,47
PROCESS_LATENCY_1331,46
PROCESS_LATENCY_1332,45
PROCESS_LATENCY_1333,46
PROCESS_LATENCY_1334,46
PROCESS_LATENCY_1335,47
PROCESS_LATENCY_1336,46
PROCESS_LATENCY_1337,46
PROCESS_LATENCY_1338,47
PROCESS_LATENCY_1339,46
PROCESS_LATENCY_1340,46
PROCESS_LATENCY_1341,47
PROCESS_LATENCY_1342,46
PROCESS_LATENCY_1343,46
PROCESS_LATENCY_1344,49
PROCESS_LATENCY_1345,47
PROCESS_LATENCY_1346,46
PROCESS_LATENCY_1347,46
PROCESS_LATENCY_1348,46
PROCESS_LATENCY_1349,46
PROCESS_LATENCY_1350,46
PROCESS_LATENCY_1351,46
PROCESS_LATENCY_1352,45
PROCESS_LATENCY_1353,46
PROCESS_LATENCY_1354,46
PROCESS_LATENCY_1355,46
PROCESS_LATENCY_1356,47
PROCESS_LATENCY_1357,46
PROCESS_LATENCY_1358,47
PROCESS_LATENCY_1359,46
PROCESS_LATENCY_1360,45
PROCESS_LATENCY_1361,46
PROCESS_LATENCY_1362,47
PROCESS_LATENCY_1363,47
PROCESS_LATENCY_1364,46
PROCESS_LATENCY_1365,47
PROCESS_LATENCY_1366,46
PROCESS_LATENCY_1367,46
PROCESS_LATENCY_1368,46
PROCESS_LATENCY_1369,47
PROCESS_LATENCY_1370,46
PROCESS_LATENCY_1371,45
PROCESS_LATENCY_1372,46
PROCESS_LATENCY_1373,46
PROCESS_LATENCY_1374,46
PROCESS_LATENCY_1375,47
PROCESS_LATENCY_1376,47
PROCESS_LATENCY_1377,45
PROCESS_LATENCY_1378,46
PROCESS_LATENCY_1379,46
PROCESS_LATENCY_1380,46
PROCESS_LATENCY_1381,46
PROCESS_LATENCY_1382,46
PROCESS_LATENCY_1383,46
PROCESS_LATENCY_1384,46
PROCESS_LATENCY_1385,47
PROCESS_LATENCY_1386,45
PROCESS_LATENCY_1387,46
PROCESS_LATENCY_1388,45
PROCESS_LATENCY_1389,47
PROCESS_LATENCY_1390,47
PROCESS_LATENCY_1391,46
PROCESS_LATENCY_1392,46
PROCESS_LATENCY_1393,46
PROCESS_LATENCY_1394,46
PROCESS_LATENCY_1395,46
PROCESS_LATENCY_1396,46
PROCESS_LATENCY_1397,45
PROCESS_LATENCY_1398,47
PROCESS_LATENCY_1399,46
PROCESS_LATENCY_1400,46
PROCESS_LATENCY_1401,46
PROCESS_LATENCY_1402,47
PROCESS_LATENCY_1403,46
PROCESS_LATENCY_1404,47
PROCESS_LATENCY_1405,49
PROCESS_LATENCY_1406,47
PROCESS_LATENCY_1407,48
PROCESS_LATENCY_1408,48
PROCESS_LATENCY_1409,46
PROCESS_LATENCY_1410,47
PROCESS_LATENCY_1411,47
PROCESS_LATENCY_1412,49
PROCESS_LATENCY_1413,46
PROCESS_LATENCY_1414,47
PROCESS_LATENCY_1415,47
PROCESS_LATENCY_1416,47
PROCESS_LATENCY_1417,47
PROCESS_LATENCY_1418,51
PROCESS_LATENCY_1419,46
PROCESS_LATENCY_1420,46
PROCESS_LATENCY_1421,47
PROCESS_LATENCY_1422,46
PROCESS_LATENCY_1423,47
PROCESS_LATENCY_1424,47
PROCESS_LATENCY_1425,46
PROCESS_LATENCY_1426,46
PROCESS_LATENCY_1427,46
PROCESS_LATENCY_1428,47
PROCESS_LATENCY_1429,46
PROCESS_LATENCY_1430,47
PROCESS_LATENCY_1431,47
PROCESS_LATENCY_1432,47
PROCESS_LATENCY_1433,46
PROCESS_LATENCY_1434,45
PROCESS_LATENCY_1435,46
PROCESS_LATENCY_1436,47
PROCESS_LATENCY_1437,46
PROCESS_LATENCY_1438,46
PROCESS_LATENCY_1439,49
PROCESS_LATENCY_1440,46
PROCESS_LATENCY_1441,45
PROCESS_LATENCY_1442,46
PROCESS_LATENCY_1443,46
PROCESS_LATENCY_1444,46
PROCESS_LATENCY_1445,46
PROCESS_LATENCY_1446,46
PROCESS_LATENCY_1447,46
PROCESS_LATENCY_1448,46
PROCESS_LATENCY_1449,46
PROCESS_LATENCY_1450,46
PROCESS_LATENCY_1451,47
PROCESS_LATENCY_1452,46
PROCESS_LATENCY_1453,46
PROCESS_LATENCY_1454,46
PROCESS_LATENCY_1455,47
PROCESS_LATENCY_1456,46
PROCESS_LATENCY_1457,45
PROCESS_LATENCY_1458,47
PROCESS_LATENCY_1459,46
PROCESS_LATENCY_1460,47
PROCESS_LATENCY_1461,46
PROCESS_LATENCY_1462,46
PROCESS_LATENCY_1463,1668
PROCESS_LATENCY_1464,44
PROCESS_LATENCY_1465,44
PROCESS_LATENCY_1466,48
PROCESS_LATENCY_1467,43
PROCESS_LATENCY_1468,61
PROCESS_LATENCY_1469,62
PROCESS_LATENCY_1470,61
PROCESS_LATENCY_1471,46
PROCESS_LATENCY_1472,47
PROCESS_LATENCY_1473,44
PROCESS_LATENCY_1474,44
PROCESS_LATENCY_1475,44
PROCESS_LATENCY_1476,44
PROCESS_LATENCY_1477,44
PROCESS_LATENCY_1478,44
PROCESS_LATENCY_1479,44
PROCESS_LATENCY_1480,45
PROCESS_LATENCY_1481,44
PROCESS_LATENCY_1482,44
PROCESS_LATENCY_1483,44
PROCESS_LATENCY_1484,44
PROCESS_LATENCY_1485,44
PROCESS_LATENCY_1486,44
PROCESS_LATENCY_1487,44
PROCESS_LATENCY_1488,44
PROCESS_LATENCY_1489,43
PROCESS_LATENCY_1490,43
PROCESS_LATENCY_1491,43
PROCESS_LATENCY_1492,44
PROCESS_LATENCY_1493,44
PROCESS_LATENCY_1494,44
PROCESS_LATENCY_1495,44
PROCESS_LATENCY_1496,44
PROCESS_LATENCY_1497,44
PROCESS_LATENCY_1498,45
PROCESS_LATENCY_1499,44
PROCESS_LATENCY_1500,44
PROCESS_LATENCY_1501,44
PROCESS_LATENCY_1502,44
PROCESS_LATENCY_1503,43
PROCESS_LATENCY_1504,44
PROCESS_LATENCY_1505,43
PROCESS_LATENCY_1506,44
PROCESS_LATENCY_1507,43
PROCESS_LATENCY_1508,44
PROCESS_LATENCY_1509,46
PROCESS_LATENCY_1510,47
PROCESS_LATENCY_1511,46
PROCESS_LATENCY_1512,44
PROCESS_LATENCY_1513,44
PROCESS_LATENCY_1514,43
PROCESS_LATENCY_1515,45
PROCESS_LATENCY_1516,44
PROCESS_LATENCY_1517,44
PROCESS_LATENCY_1518,46
PROCESS_LATENCY_1519,43
PROCESS_LATENCY_1520,44
PROCESS_LATENCY_1521,43
PROCESS_LATENCY_1522,44
PROCESS_LATENCY_1523,44
PROCESS_LATENCY_1524,45
PROCESS_LATENCY_1525,44
PROCESS_LATENCY_1526,44
PROCESS_LATENCY_1527,44
PROCESS_LATENCY_1528,44
PROCESS_LATENCY_1529,44
PROCESS_LATENCY_1530,44
PROCESS_LATENCY_1531,44
PROCESS_LATENCY_1532,44
PROCESS_LATENCY_1533,43
PROCESS_LATENCY_1534,44
PROCESS_LATENCY_1535,44
PROCESS_LATENCY_1536,46
PROCESS_LATENCY_1537,45
PROCESS_LATENCY_1538,44
PROCESS_LATENCY_1539,44
PROCESS_LATENCY_1540,45
PROCESS_LATENCY_1541,47
PROCESS_LATENCY_1542,44
PROCESS_LATENCY_1543,44
PROCESS_LATENCY_1544,44
PROCESS_LATENCY_1545,43
PROCESS_LATENCY_1546,44
PROCESS_LATENCY_1547,44
PROCESS_LATENCY_1548,44
PROCESS_LATENCY_1549,58
PROCESS_LATENCY_1550,46
PROCESS_LATENCY_1551,45
PROCESS_LATENCY_1552,47
PROCESS_LATENCY_1553,46
PROCESS_LATENCY_1554,47
PROCESS_LATENCY_1555,46
PROCESS_LATENCY_1556,46
PROCESS_LATENCY_1557,45
PROCESS_LATENCY_1558,47
PROCESS_LATENCY_1559,45
PROCESS_LATENCY_1560,45
PROCESS_LATENCY_1561,46
PROCESS_LATENCY_1562,46
PROCESS_LATENCY_1563,45
PROCESS_LATENCY_1564,46
PROCESS_LATENCY_1565,46
PROCESS_LATENCY_1566,46
PROCESS_LATENCY_1567,46
PROCESS_LATENCY_1568,46
PROCESS_LATENCY_1569,46
PROCESS_LATENCY_1570,46
PROCESS_LATENCY_1571,45
PROCESS_LATENCY_1572,46
PROCESS_LATENCY_1573,46
PROCESS_LATENCY_1574,46
PROCESS_LATENCY_1575,45
PROCESS_LATENCY_1576,46
PROCESS_LATENCY_1577,46
PROCESS_LATENCY_1578,45
PROCESS_LATENCY_1579,46
PROCESS_LATENCY_1580,46
PROCESS_LATENCY_1581,46
PROCESS_LATENCY_1582,45
PROCESS_LATENCY_1583,46
PROCESS_LATENCY_1584,44
PROCESS_LATENCY_1585,46
PROCESS_LATENCY_1586,46
PROCESS_LATENCY_1587,46
PROCESS_LATENCY_1588,46
PROCESS_LATENCY_1589,46
PROCESS_LATENCY_1590,45
PROCESS_LATENCY_1591,46
PROCESS_LATENCY_1592,50
PROCESS_LATENCY_1593,46
PROCESS_LATENCY_1594,46
PROCESS_LATENCY_1595,46
PROCESS_LATENCY_1596,46
PROCESS_LATENCY_1597,46
PROCESS_LATENCY_1598,59
PROCESS_LATENCY_1599,54
PROCESS_LATENCY_1600,54
PROCESS_LATENCY_1601,46
PROCESS_LATENCY_1602,46
PROCESS_LATENCY_1603,46
PROCESS_LATENCY_1604,46
PROCESS_LATENCY_1605,47
PROCESS_LATENCY_1606,46
PROCESS_LATENCY_1607,47
PROCESS_LATENCY_1608,47
PROCESS_LATENCY_1609,46
PROCESS_LATENCY_1610,46
PROCESS_LATENCY_1611,46
PROCESS_LATENCY_1612,46
PROCESS_LATENCY_1613,46
PROCESS_LATENCY_1614,46
PROCESS_LATENCY_1615,46
PROCESS_LATENCY_1616,46
PROCESS_LATENCY_1617,46
PROCESS_LATENCY_1618,46
PROCESS_LATENCY_1619,45
PROCESS_LATENCY_1620,46
PROCESS_LATENCY_1621,46
PROCESS_LATENCY_1622,47
PROCESS_LATENCY_1623,46
PROCESS_LATENCY_1624,44
PROCESS_LATENCY_1625,45
PROCESS_LATENCY_1626,46
PROCESS_LATENCY_1627,49
PROCESS_LATENCY_1628,46
PROCESS_LATENCY_1629,46
PROCESS_LATENCY_1630,45
PROCESS_LATENCY_1631,45
PROCESS_LATENCY_1632,46
PROCESS_LATENCY_1633,46
PROCESS_LATENCY_1634,46
PROCESS_LATENCY_1635,52
PROCESS_LATENCY_1636,46
PROCESS_LATENCY_1637,46
PROCESS_LATENCY_1638,45
PROCESS_LATENCY_1639,47
PROCESS_LATENCY_1640,46
PROCESS_LATENCY_1641,45
PROCESS_LATENCY_1642,46
PROCESS_LATENCY_1643,46
PROCESS_LATENCY_1644,45
PROCESS_LATENCY_1645,46
PROCESS_LATENCY_1646,47
PROCESS_LATENCY_1647,46
PROCESS_LATENCY_1648,46
PROCESS_LATENCY_1649,46
PROCESS_LATENCY_1650,46
PROCESS_LATENCY_1651,46
PROCESS_LATENCY_1652,46
PROCESS_LATENCY_1653,46
PROCESS_LATENCY_1654,45
PROCESS_LATENCY_1655,46
PROCESS_LATENCY_1656,46
PROCESS_LATENCY_1657,46
PROCESS_LATENCY_1658,46
PROCESS_LATENCY_1659,46
PROCESS_LATENCY_1660,45
PROCESS_LATENCY_1661,46
PROCESS_LATENCY_1662,46
PROCESS_LATENCY_1663,45
PROCESS_LATENCY_1664,46
PROCESS_LATENCY_1665,47
PROCESS_LATENCY_1666,45
PROCESS_LATENCY_1667,46
PROCESS_LATENCY_1668,52
PROCESS_LATENCY_1669,47
PROCESS_LATENCY_1670,46
PROCESS_LATENCY_1671,46
PROCESS_LATENCY_1672,45
PROCESS_LATENCY_1673,46
PROCESS_LATENCY_1674,46
PROCESS_LATENCY_1675,46
PROCESS_LATENCY_1676,45
PROCESS_LATENCY_1677,45
PROCESS_LATENCY_1678,46
PROCESS_LATENCY_1679,46
PROCESS_LATENCY_1680,46
PROCESS_LATENCY_1681,45
PROCESS_LATENCY_1682,47
PROCESS_LATENCY_1683,46
PROCESS_LATENCY_1684,45
PROCESS_LATENCY_1685,46
PROCESS_LATENCY_1686,46
PROCESS_LATENCY_1687,46
PROCESS_LATENCY_1688,46
PROCESS_LATENCY_1689,46
PROCESS_LATENCY_1690,46
PROCESS_LATENCY_1691,46
PROCESS_LATENCY_1692,47
PROCESS_LATENCY_1693,45
PROCESS_LATENCY_1694,46
PROCESS_LATENCY_1695,45
PROCESS_LATENCY_1696,46
PROCESS_LATENCY_1697,46
PROCESS_LATENCY_1698,47
PROCESS_LATENCY_1699,47
PROCESS_LATENCY_1700,46
PROCESS_LATENCY_1701,46
PROCESS_LATENCY_1702,46
PROCESS_LATENCY_1703,46
PROCESS_LATENCY_1704,46
PROCESS_LATENCY_1705,46
PROCESS_LATENCY_1706,45
PROCESS_LATENCY_1707,46
PROCESS_LATENCY_1708,47
PROCESS_LATENCY_1709,45
PROCESS_LATENCY_1710,45
PROCESS_LATENCY_1711,46
PROCESS_LATENCY_1712,46
PROCESS_LATENCY_1713,46
PROCESS_LATENCY_1714,46
PROCESS_LATENCY_1715,46
PROCESS_LATENCY_1716,45
PROCESS_LATENCY_1717,46
PROCESS_LATENCY_1718,46
PROCESS_LATENCY_1719,46
PROCESS_LATENCY_1720,47
PROCESS_LATENCY_1721,45
PROCESS_LATENCY_1722,45
PROCESS_LATENCY_1723,47
PROCESS_LATENCY_1724,45
PROCESS_LATENCY_1725,45
PROCESS_LATENCY_1726,46
PROCESS_LATENCY_1727,46
PROCESS_LATENCY_1728,46
PROCESS_LATENCY_1729,45
PROCESS_LATENCY_1730,46
PROCESS_LATENCY_1731,46
PROCESS_LATENCY_1732,45
PROCESS_LATENCY_1733,46
PROCESS_LATENCY_1734,47
PROCESS_LATENCY_1735,46
PROCESS_LATENCY_1736,46
PROCESS_LATENCY_1737,47
PROCESS_LATENCY_1738,45
PROCESS_LATENCY_1739,46
PROCESS_LATENCY_1740,45
PROCESS_LATENCY_1741,46
PROCESS_LATENCY_1742,46
PROCESS_LATENCY_1743,45
PROCESS_LATENCY_1744,46
PROCESS_LATENCY_1745,46
PROCESS_LATENCY_1746,46
PROCESS_LATENCY_1747,45
PROCESS_LATENCY_1748,46
PROCESS_LATENCY_1749,46
PROCESS_LATENCY_1750,46
PROCESS_LATENCY_1751,46
PROCESS_LATENCY_1752,46
PROCESS_LATENCY_1753,46
PROCESS_LATENCY_1754,46
PROCESS_LATENCY_1755,47
PROCESS_LATENCY_1756,54
PROCESS_LATENCY_1757,46
PROCESS_LATENCY_1758,45
PROCESS_LATENCY_1759,46
PROCESS_LATENCY_1760,46
PROCESS_LATENCY_1761,45
PROCESS_LATENCY_1762,47
PROCESS_LATENCY_1763,45
PROCESS_LATENCY_1764,46
PROCESS_LATENCY_1765,46
PROCESS_LATENCY_1766,46
PROCESS_LATENCY_1767,45
PROCESS_LATENCY_1768,44
PROCESS_LATENCY_1769,46
PROCESS_LATENCY_1770,46
PROCESS_LATENCY_1771,47
PROCESS_LATENCY_1772,46
PROCESS_LATENCY_1773,46
PROCESS_LATENCY_1774,45
PROCESS_LATENCY_1775,45
PROCESS_LATENCY_1776,45
PROCESS_LATENCY_1777,46
PROCESS_LATENCY_1778,45
PROCESS_LATENCY_1779,46
PROCESS_LATENCY_1780,46
PROCESS_LATENCY_1781,46
PROCESS_LATENCY_1782,45
PROCESS_LATENCY_1783,45
PROCESS_LATENCY_1784,45
PROCESS_LATENCY_1785,46
PROCESS_LATENCY_1786,46
PROCESS_LATENCY_1787,47
PROCESS_LATENCY_1788,46
PROCESS_LATENCY_1789,46
PROCESS_LATENCY_1790,46
PROCESS_LATENCY_1791,45
PROCESS_LATENCY_1792,45
PROCESS_LATENCY_1793,46
PROCESS_LATENCY_1794,46
PROCESS_LATENCY_1795,46
PROCESS_LATENCY_1796,47
PROCESS_LATENCY_1797,46
PROCESS_LATENCY_1798,46
PROCESS_LATENCY_1799,46
PROCESS_LATENCY_1800,45
PROCESS_LATENCY_1801,45
PROCESS_LATENCY_1802,46
PROCESS_LATENCY_1803,47
PROCESS_LATENCY_1804,46
PROCESS_LATENCY_1805,46
PROCESS_LATENCY_1806,46
PROCESS_LATENCY_1807,46
PROCESS_LATENCY_1808,46
PROCESS_LATENCY_1809,46
PROCESS_LATENCY_1810,47
PROCESS_LATENCY_1811,47
PROCESS_LATENCY_1812,45
PROCESS_LATENCY_1813,46
PROCESS_LATENCY_1814,46
PROCESS_LATENCY_1815,46
PROCESS_LATENCY_1816,46
PROCESS_LATENCY_1817,46
PROCESS_LATENCY_1818,46
PROCESS_LATENCY_1819,46
PROCESS_LATENCY_1820,46
PROCESS_LATENCY_1821,46
PROCESS_LATENCY_1822,45
PROCESS_LATENCY_1823,47
PROCESS_LATENCY_1824,45
PROCESS_LATENCY_1825,46
PROCESS_LATENCY_1826,46
PROCESS_LATENCY_1827,45
PROCESS_LATENCY_1828,45
PROCESS_LATENCY_1829,46
PROCESS_LATENCY_1830,46
PROCESS_LATENCY_1831,46
PROCESS_LATENCY_1832,46
PROCESS_LATENCY_1833,46
PROCESS_LATENCY_1834,47
PROCESS_LATENCY_1835,46
PROCESS_LATENCY_1836,46
PROCESS_LATENCY_1837,45
PROCESS_LATENCY_1838,45
PROCESS_LATENCY_1839,45
PROCESS_LATENCY_1840,46
PROCESS_LATENCY_1841,47
PROCESS_LATENCY_1842,47
PROCESS_LATENCY_1843,46
PROCESS_LATENCY_1844,46
PROCESS_LATENCY_1845,46
PROCESS_LATENCY_1846,46
PROCESS_LATENCY_1847,46
PROCESS_LATENCY_1848,46
PROCESS_LATENCY_1849,45
PROCESS_LATENCY_1850,46
PROCESS_LATENCY_1851,45
PROCESS_LATENCY_1852,45
PROCESS_LATENCY_1853,46
PROCESS_LATENCY_1854,45
PROCESS_LATENCY_1855,46
PROCESS_LATENCY_1856,46
PROCESS_LATENCY_1857,46
PROCESS_LATENCY_1858,49
PROCESS_LATENCY_1859,45
PROCESS_LATENCY_1860,46
PROCESS_LATENCY_1861,47
PROCESS_LATENCY_1862,46
PROCESS_LATENCY_1863,48
PROCESS_LATENCY_1864,45
PROCESS_LATENCY_1865,46
PROCESS_LATENCY_1866,46
PROCESS_LATENCY_1867,46
PROCESS_LATENCY_1868,45
PROCESS_LATENCY_1869,46
PROCESS_LATENCY_1870,45
PROCESS_LATENCY_1871,46
PROCESS_LATENCY_1872,46
PROCESS_LATENCY_1873,45
PROCESS_LATENCY_1874,46
PROCESS_LATENCY_1875,46
PROCESS_LATENCY_1876,46
PROCESS_LATENCY_1877,60
PROCESS_LATENCY_1878,46
PROCESS_LATENCY_1879,46
PROCESS_LATENCY_1880,46
PROCESS_LATENCY_1881,46
PROCESS_LATENCY_1882,47
PROCESS_LATENCY_1883,47
PROCESS_LATENCY_1884,45
PROCESS_LATENCY_1885,46
PROCESS_LATENCY_1886,46
PROCESS_LATENCY_1887,46
PROCESS_LATENCY_1888,47
PROCESS_LATENCY_1889,46
PROCESS_LATENCY_1890,47
PROCESS_LATENCY_1891,46
PROCESS_LATENCY_1892,46
PROCESS_LATENCY_1893,46
PROCESS_LATENCY_1894,47
PROCESS_LATENCY_1895,46
PROCESS_LATENCY_1896,45
PROCESS_LATENCY_1897,56
PROCESS_LATENCY_1898,45
PROCESS_LATENCY_1899,47
PROCESS_LATENCY_1900,46
PROCESS_LATENCY_1901,46
PROCESS_LATENCY_1902,46
PROCESS_LATENCY_1903,46
PROCESS_LATENCY_1904,45
PROCESS_LATENCY_1905,45
PROCESS_LATENCY_1906,46
PROCESS_LATENCY_1907,46
PROCESS_LATENCY_1908,45
PROCESS_LATENCY_1909,46
PROCESS_LATENCY_1910,47
PROCESS_LATENCY_1911,47
PROCESS_LATENCY_1912,46
PROCESS_LATENCY_1913,46
PROCESS_LATENCY_1914,46
PROCESS_LATENCY_1915,46
PROCESS_LATENCY_1916,46
PROCESS_LATENCY_1917,46
PROCESS_LATENCY_1918,46
PROCESS_LATENCY_1919,46
PROCESS_LATENCY_1920,46
PROCESS_LATENCY_1921,46
PROCESS_LATENCY_1922,46
PROCESS_LATENCY_1923,47
PROCESS_LATENCY_1924,46
PROCESS_LATENCY_1925,46
PROCESS_LATENCY_1926,47
PROCESS_LATENCY_1927,46
PROCESS_LATENCY_1928,46
PROCESS_LATENCY_1929,46
PROCESS_LATENCY_1930,47
PROCESS_LATENCY_1931,47
PROCESS_LATENCY_1932,46
PROCESS_LATENCY_1933,46
PROCESS_LATENCY_1934,47
PROCESS_LATENCY_1935,46
PROCESS_LATENCY_1936,46
PROCESS_LATENCY_1937,46
PROCESS_LATENCY_1938,46
PROCESS_LATENCY_1939,46
PROCESS_LATENCY_1940,46
PROCESS_LATENCY_1941,46
PROCESS_LATENCY_1942,47
PROCESS_LATENCY_1943,46
PROCESS_LATENCY_1944,46
PROCESS_LATENCY_1945,46
PROCESS_LATENCY_1946,47
PROCESS_LATENCY_1947,46
PROCESS_LATENCY_1948,46
PROCESS_LATENCY_1949,47
PROCESS_LATENCY_1950,50
PROCESS_LATENCY_1951,47
PROCESS_LATENCY_1952,46
PROCESS_LATENCY_1953,46
PROCESS_LATENCY_1954,46
PROCESS_LATENCY_1955,46
PROCESS_LATENCY_1956,46
PROCESS_LATENCY_1957,47
PROCESS_LATENCY_1958,46
PROCESS_LATENCY_1959,46
PROCESS_LATENCY_1960,45
PROCESS_LATENCY_1961,47
PROCESS_LATENCY_1962,46
PROCESS_LATENCY_1963,46
PROCESS_LATENCY_1964,47
PROCESS_LATENCY_1965,46
PROCESS_LATENCY_1966,45
PROCESS_LATENCY_1967,46
PROCESS_LATENCY_1968,46
PROCESS_LATENCY_1969,47
PROCESS_LATENCY_1970,47
PROCESS_LATENCY_1971,46
PROCESS_LATENCY_1972,45
PROCESS_LATENCY_1973,46
PROCESS_LATENCY_1974,45
PROCESS_LATENCY_1975,47
PROCESS_LATENCY_1976,46
PROCESS_LATENCY_1977,47
PROCESS_LATENCY_1978,46
PROCESS_LATENCY_1979,45
PROCESS_LATENCY_1980,45
PROCESS_LATENCY_1981,46
PROCESS_LATENCY_1982,46
PROCESS_LATENCY_1983,47
PROCESS_LATENCY_1984,46
PROCESS_LATENCY_1985,46
PROCESS_LATENCY_1986,47
PROCESS_LATENCY_1987,46
PROCESS_LATENCY_1988,46
PROCESS_LATENCY_1989,46
PROCESS_LATENCY_1990,46
PROCESS_LATENCY_1991,46
PROCESS_LATENCY_1992,46
PROCESS_LATENCY_1993,46
PROCESS_LATENCY_1994,46
PROCESS_LATENCY_1995,46
PROCESS_LATENCY_1996,47
PROCESS_LATENCY_1997,46
PROCESS_LATENCY_1998,46
PROCESS_LATENCY_1999,46
PROCESS_LATENCY_2000,45
PROCESS_LATENCY_2001,45
PROCESS_LATENCY_2002,45
PROCESS_LATENCY_2003,46
PROCESS_LATENCY_2004,46
PROCESS_LATENCY_2005,46
PROCESS_LATENCY_2006,47
PROCESS_LATENCY_2007,46
PROCESS_LATENCY_2008,46
PROCESS_LATENCY_2009,46
PROCESS_LATENCY_2010,45
PROCESS_LATENCY_2011,46
PROCESS_LATENCY_2012,46
PROCESS_LATENCY_2013,46
PROCESS_LATENCY_2014,45
PROCESS_LATENCY_2015,46
PROCESS_LATENCY_2016,46
PROCESS_LATENCY_2017,46
PROCESS_LATENCY_2018,46
PROCESS_LATENCY_2019,45
PROCESS_LATENCY_2020,46
PROCESS_LATENCY_2021,46
PROCESS_LATENCY_2022,46
PROCESS_LATENCY_2023,47
PROCESS_LATENCY_2024,45
PROCESS_LATENCY_2025,46
PROCESS_LATENCY_2026,46
PROCESS_LATENCY_2027,47
PROCESS_LATENCY_2028,45
PROCESS_LATENCY_2029,46
PROCESS_LATENCY_2030,46
PROCESS_LATENCY_2031,46
PROCESS_LATENCY_2032,46
PROCESS_LATENCY_2033,47
PROCESS_LATENCY_2034,46
PROCESS_LATENCY_2035,47
PROCESS_LATENCY_2036,46
PROCESS_LATENCY_2037,46
PROCESS_LATENCY_2038,46
PROCESS_LATENCY_2039,46
PROCESS_LATENCY_2040,45
PROCESS_LATENCY_2041,46
PROCESS_LATENCY_2042,46
PROCESS_LATENCY_2043,46
PROCESS_LATENCY_2044,46
PROCESS_LATENCY_2045,46
PROCESS_LATENCY_2046,46
PROCESS_LATENCY_2047,46
PROCESS_LATENCY_2048,45
PROCESS_LATENCY_2049,46
PROCESS_LATENCY_2050,47
PROCESS_LATENCY_2051,47
PROCESS_LATENCY_2052,47
PROCESS_LATENCY_2053,46
PROCESS_LATENCY_2054,45
PROCESS_LATENCY_2055,46
PROCESS_LATENCY_2056,46
PROCESS_LATENCY_2057,46
PROCESS_LATENCY_2058,46
PROCESS_LATENCY_2059,46
PROCESS_LATENCY_2060,46
PROCESS_LATENCY_2061,46
PROCESS_LATENCY_2062,45
PROCESS_LATENCY_2063,46
PROCESS_LATENCY_2064,47
PROCESS_LATENCY_2065,45
PROCESS_LATENCY_2066,46
PROCESS_LATENCY_2067,47
PROCESS_LATENCY_2068,46
PROCESS_LATENCY_2069,46
PROCESS_LATENCY_2070,46
PROCESS_LATENCY_2071,47
PROCESS_LATENCY_2072,46
PROCESS_LATENCY_2073,46
PROCESS_LATENCY_2074,46
PROCESS_LATENCY_2075,47
PROCESS_LATENCY_2076,46
PROCESS_LATENCY_2077,47
PROCESS_LATENCY_2078,47
PROCESS_LATENCY_2079,46
PROCESS_LATENCY_2080,45
PROCESS_LATENCY_2081,46
PROCESS_LATENCY_2082,47
PROCESS_LATENCY_2083,46
PROCESS_LATENCY_2084,46
PROCESS_LATENCY_2085,46
PROCESS_LATENCY_2086,46
PROCESS_LATENCY_2087,46
PROCESS_LATENCY_2088,46
PROCESS_LATENCY_2089,46
PROCESS_LATENCY_2090,45
PROCESS_LATENCY_2091,46
PROCESS_LATENCY_2092,46
PROCESS_LATENCY_2093,46
PROCESS_LATENCY_2094,47
PROCESS_LATENCY_2095,46
PROCESS_LATENCY_2096,47
PROCESS_LATENCY_2097,45
PROCESS_LATENCY_2098,47
PROCESS_LATENCY_2099,46
PROCESS_LATENCY_2100,46
PROCESS_LATENCY_2101,47
PROCESS_LATENCY_2102,46
PROCESS_LATENCY_2103,46
PROCESS_LATENCY_2104,47
PROCESS_LATENCY_2105,46
PROCESS_LATENCY_2106,47
PROCESS_LATENCY_2107,45
PROCESS_LATENCY_2108,45
PROCESS_LATENCY_2109,45
PROCESS_LATENCY_2110,46
PROCESS_LATENCY_2111,47
PROCESS_LATENCY_2112,46
PROCESS_LATENCY_2113,46
PROCESS_LATENCY_2114,50
PROCESS_LATENCY_2115,46
PROCESS_LATENCY_2116,44
PROCESS_LATENCY_2117,46
PROCESS_LATENCY_2118,45
PROCESS_LATENCY_2119,46
PROCESS_LATENCY_2120,46
PROCESS_LATENCY_2121,46
PROCESS_LATENCY_2122,46
PROCESS_LATENCY_2123,46
PROCESS_LATENCY_2124,46
PROCESS_LATENCY_2125,46
PROCESS_LATENCY_2126,46
PROCESS_LATENCY_2127,46
PROCESS_LATENCY_2128,47
PROCESS_LATENCY_2129,46
PROCESS_LATENCY_2130,46
PROCESS_LATENCY_2131,46
PROCESS_LATENCY_2132,46
PROCESS_LATENCY_2133,46
PROCESS_LATENCY_2134,46
PROCESS_LATENCY_2135,47
PROCESS_LATENCY_2136,46
PROCESS_LATENCY_2137,47
PROCESS_LATENCY_2138,46
PROCESS_LATENCY_2139,46
PROCESS_LATENCY_2140,48
PROCESS_LATENCY_2141,47
PROCESS_LATENCY_2142,46
PROCESS_LATENCY_2143,45
PROCESS_LATENCY_2144,46
PROCESS_LATENCY_2145,45
PROCESS_LATENCY_2146,45
PROCESS_LATENCY_2147,47
PROCESS_LATENCY_2148,45
PROCESS_LATENCY_2149,46
PROCESS_LATENCY_2150,45
PROCESS_LATENCY_2151,46
PROCESS_LATENCY_2152,45
PROCESS_LATENCY_2153,47
PROCESS_LATENCY_2154,47
PROCESS_LATENCY_2155,46
PROCESS_LATENCY_2156,45
PROCESS_LATENCY_2157,46
PROCESS_LATENCY_2158,45
PROCESS_LATENCY_2159,46
PROCESS_LATENCY_2160,46
PROCESS_LATENCY_2161,47
PROCESS_LATENCY_2162,46
PROCESS_LATENCY_2163,46
PROCESS_LATENCY_2164,46
PROCESS_LATENCY_2165,46
PROCESS_LATENCY_2166,46
PROCESS_LATENCY_2167,46
PROCESS_LATENCY_2168,46
PROCESS_LATENCY_2169,46
PROCESS_LATENCY_2170,47
PROCESS_LATENCY_2171,47
PROCESS_LATENCY_2172,46
PROCESS_LATENCY_2173,46
PROCESS_LATENCY_2174,46
PROCESS_LATENCY_2175,48
PROCESS_LATENCY_2176,46
PROCESS_LATENCY_2177,46
PROCESS_LATENCY_2178,46
PROCESS_LATENCY_2179,46
PROCESS_LATENCY_2180,46
PROCESS_LATENCY_2181,46
PROCESS_LATENCY_2182,46
PROCESS_LATENCY_2183,47
PROCESS_LATENCY_2184,46
PROCESS_LATENCY_2185,47
PROCESS_LATENCY_2186,45
PROCESS_LATENCY_2187,46
PROCESS_LATENCY_2188,47
PROCESS_LATENCY_2189,46
PROCESS_LATENCY_2190,47
PROCESS_LATENCY_2191,46
PROCESS_LATENCY_2192,46
PROCESS_LATENCY_2193,46
PROCESS_LATENCY_2194,45
PROCESS_LATENCY_2195,46
PROCESS_LATENCY_2196,47
PROCESS_LATENCY_2197,45
PROCESS_LATENCY_2198,46
PROCESS_LATENCY_2199,47
PROCESS_LATENCY_2200,47
PROCESS_LATENCY_2201,46
PROCESS_LATENCY_2202,46
PROCESS_LATENCY_2203,47
PROCESS_LATENCY_2204,45
PROCESS_LATENCY_2205,46
PROCESS_LATENCY_2206,46
PROCESS_LATENCY_2207,46
PROCESS_LATENCY_2208,46
PROCESS_LATENCY_2209,46
PROCESS_LATENCY_2210,45
PROCESS_LATENCY_2211,46
PROCESS_LATENCY_2212,72
PROCESS_LATENCY_2213,46
PROCESS_LATENCY_2214,55
PROCESS_LATENCY_2215,68
PROCESS_LATENCY_2216,88
PROCESS_LATENCY_2217,56
PROCESS_LATENCY_2218,39
PROCESS_LATENCY_2219,37
PROCESS_LATENCY_2220,39
PROCESS_LATENCY_2221,40
PROCESS_LATENCY_2222,38
PROCESS_LATENCY_2223,38
PROCESS_LATENCY_2224,52
PROCESS_LATENCY_2225,38
PROCESS_LATENCY_2226,38
PROCESS_LATENCY_2227,38
PROCESS_LATENCY_2228,37
PROCESS_LATENCY_2229,38
PROCESS_LATENCY_2230,38
PROCESS_LATENCY_2231,37
PROCESS_LATENCY_2232,38
PROCESS_LATENCY_2233,49
PROCESS_LATENCY_2234,47
PROCESS_LATENCY_2235,46
PROCESS_LATENCY_2236,45
PROCESS_LATENCY_2237,45
PROCESS_LATENCY_2238,47
PROCESS_LATENCY_2239,46
PROCESS_LATENCY_2240,46
PROCESS_LATENCY_2241,47
PROCESS_LATENCY_2242,47
PROCESS_LATENCY_2243,45
PROCESS_LATENCY_2244,47
PROCESS_LATENCY_2245,47
PROCESS_LATENCY_2246,45
PROCESS_LATENCY_2247,47
PROCESS_LATENCY_2248,45
PROCESS_LATENCY_2249,46
PROCESS_LATENCY_2250,45
PROCESS_LATENCY_2251,44
PROCESS_LATENCY_2252,45
PROCESS_LATENCY_2253,45
PROCESS_LATENCY_2254,45
PROCESS_LATENCY_2255,45
PROCESS_LATENCY_2256,45
PROCESS_LATENCY_2257,47
PROCESS_LATENCY_2258,45
PROCESS_LATENCY_2259,39
PROCESS_LATENCY_2260,38
PROCESS_LATENCY_2261,37
PROCESS_LATENCY_2262,38
PROCESS_LATENCY_2263,37
PROCESS_LATENCY_2264,37
PROCESS_LATENCY_2265,37
PROCESS_LATENCY_2266,38
PROCESS_LATENCY_2267,37
PROCESS_LATENCY_2268,39
PROCESS_LATENCY_2269,38
PROCESS_LATENCY_2270,37
PROCESS_LATENCY_2271,37
PROCESS_LATENCY_2272,38
PROCESS_LATENCY_2273,38
PROCESS_LATENCY_2274,38
PROCESS_LATENCY_2275,38
PROCESS_LATENCY_2276,38
PROCESS_LATENCY_2277,38
PROCESS_LATENCY_2278,37
PROCESS_LATENCY_2279,38
PROCESS_LATENCY_2280,37
PROCESS_LATENCY_2281,38
PROCESS_LATENCY_2282,37
PROCESS_LATENCY_2283,37
PROCESS_LATENCY_2284,38
PROCESS_LATENCY_2285,38
PROCESS_LATENCY_2286,38
PROCESS_LATENCY_2287,37
PROCESS_LATENCY_2288,38
PROCESS_LATENCY_2289,37
PROCESS_LATENCY_2290,46
PROCESS_LATENCY_2291,44
PROCESS_LATENCY_2292,43
PROCESS_LATENCY_2293,43
PROCESS_LATENCY_2294,42
PROCESS_LATENCY_2295,44
PROCESS_LATENCY_2296,43
PROCESS_LATENCY_2297,42
PROCESS_LATENCY_2298,43
PROCESS_LATENCY_2299,44
PROCESS_LATENCY_2300,42
PROCESS_LATENCY_2301,42
PROCESS_LATENCY_2302,42
PROCESS_LATENCY_2303,42
PROCESS_LATENCY_2304,43
PROCESS_LATENCY_2305,43
PROCESS_LATENCY_2306,42
PROCESS_LATENCY_2307,45
PROCESS_LATENCY_2308,44
PROCESS_LATENCY_2309,45
PROCESS_LATENCY_2310,43
PROCESS_LATENCY_2311,42
PROCESS_LATENCY_2312,42
PROCESS_LATENCY_2313,41
PROCESS_LATENCY_2314,53
PROCESS_LATENCY_2315,71
PROCESS_LATENCY_2316,40
PROCESS_LATENCY_2317,39
PROCESS_LATENCY_2318,39
PROCESS_LATENCY_2319,40
PROCESS_LATENCY_2320,39
PROCESS_LATENCY_2321,39
PROCESS_LATENCY_2322,39
PROCESS_LATENCY_2323,40
PROCESS_LATENCY_2324,40
PROCESS_LATENCY_2325,49
PROCESS_LATENCY_2326,40
PROCESS_LATENCY_2327,39
PROCESS_LATENCY_2328,41
PROCESS_LATENCY_2329,40
PROCESS_LATENCY_2330,44
PROCESS_LATENCY_2331,45
PROCESS_LATENCY_2332,46
PROCESS_LATENCY_2333,47
PROCESS_LATENCY_2334,46
PROCESS_LATENCY_2335,47
PROCESS_LATENCY_2336,46
PROCESS_LATENCY_2337,46
PROCESS_LATENCY_2338,47
PROCESS_LATENCY_2339,45
PROCESS_LATENCY_2340,47
PROCESS_LATENCY_2341,46
PROCESS_LATENCY_2342,46
PROCESS_LATENCY_2343,46
PROCESS_LATENCY_2344,46
PROCESS_LATENCY_2345,47
PROCESS_LATENCY_2346,46
PROCESS_LATENCY_2347,46
PROCESS_LATENCY_2348,48
PROCESS_LATENCY_2349,46
PROCESS_LATENCY_2350,47
PROCESS_LATENCY_2351,49
PROCESS_LATENCY_2352,46
PROCESS_LATENCY_2353,47
PROCESS_LATENCY_2354,46
PROCESS_LATENCY_2355,47
PROCESS_LATENCY_2356,52
PROCESS_LATENCY_2357,49
PROCESS_LATENCY_2358,48
PROCESS_LATENCY_2359,48
PROCESS_LATENCY_2360,47
PROCESS_LATENCY_2361,47
PROCESS_LATENCY_2362,47
PROCESS_LATENCY_2363,47
PROCESS_LATENCY_2364,48
PROCESS_LATENCY_2365,46
PROCESS_LATENCY_2366,48
PROCESS_LATENCY_2367,46
PROCESS_LATENCY_2368,46
PROCESS_LATENCY_2369,46
PROCESS_LATENCY_2370,47
PROCESS_LATENCY_2371,47
PROCESS_LATENCY_2372,45
PROCESS_LATENCY_2373,53
PROCESS_LATENCY_2374,45
PROCESS_LATENCY_2375,41
PROCESS_LATENCY_2376,44
PROCESS_LATENCY_2377,39
PROCESS_LATENCY_2378,39
PROCESS_LATENCY_2379,40
PROCESS_LATENCY_2380,39
PROCESS_LATENCY_2381,72
PROCESS_LATENCY_2382,40
PROCESS_LATENCY_2383,40
PROCESS_LATENCY_2384,40
PROCESS_LATENCY_2385,40
PROCESS_LATENCY_2386,40
PROCESS_LATENCY_2387,39
PROCESS_LATENCY_2388,40
PROCESS_LATENCY_2389,39
PROCESS_LATENCY_2390,49
PROCESS_LATENCY_2391,45
PROCESS_LATENCY_2392,39
PROCESS_LATENCY_2393,38
PROCESS_LATENCY_2394,39
PROCESS_LATENCY_2395,38
PROCESS_LATENCY_2396,39
PROCESS_LATENCY_2397,39
PROCESS_LATENCY_2398,38
PROCESS_LATENCY_2399,39
PROCESS_LATENCY_2400,38
PROCESS_LATENCY_2401,37
PROCESS_LATENCY_2402,38
PROCESS_LATENCY_2403,37
PROCESS_LATENCY_2404,37
PROCESS_LATENCY_2405,38
PROCESS_LATENCY_2406,38
PROCESS_LATENCY_2407,39
PROCESS_LATENCY_2408,39
PROCESS_LATENCY_2409,37
PROCESS_LATENCY_2410,37
PROCESS_LATENCY_2411,38
PROCESS_LATENCY_2412,37
PROCESS_LATENCY_2413,38
PROCESS_LATENCY_2414,38
PROCESS_LATENCY_2415,37
PROCESS_LATENCY_2416,37
PROCESS_LATENCY_2417,38
PROCESS_LATENCY_2418,37
PROCESS_LATENCY_2419,38
PROCESS_LATENCY_2420,39
PROCESS_LATENCY_2421,37
PROCESS_LATENCY_2422,39
PROCESS_LATENCY_2423,38
PROCESS_LATENCY_2424,38
PROCESS_LATENCY_2425,46
PROCESS_LATENCY_2426,45
PROCESS_LATENCY_2427,45
PROCESS_LATENCY_2428,45
PROCESS_LATENCY_2429,45
PROCESS_LATENCY_2430,45
PROCESS_LATENCY_2431,46
PROCESS_LATENCY_2432,48
PROCESS_LATENCY_2433,47
PROCESS_LATENCY_2434,46
PROCESS_LATENCY_2435,43
PROCESS_LATENCY_2436,42
PROCESS_LATENCY_2437,41
PROCESS_LATENCY_2438,42
PROCESS_LATENCY_2439,42
PROCESS_LATENCY_2440,41
PROCESS_LATENCY_2441,41
PROCESS_LATENCY_2442,42
PROCESS_LATENCY_2443,49
PROCESS_LATENCY_2444,42
PROCESS_LATENCY_2445,41
PROCESS_LATENCY_2446,57
PROCESS_LATENCY_2447,53
PROCESS_LATENCY_2448,43
PROCESS_LATENCY_2449,42
PROCESS_LATENCY_2450,45
PROCESS_LATENCY_2451,49
PROCESS_LATENCY_2452,54
PROCESS_LATENCY_2453,54
PROCESS_LATENCY_2454,40
PROCESS_LATENCY_2455,40
PROCESS_LATENCY_2456,39
PROCESS_LATENCY_2457,40
PROCESS_LATENCY_2458,39
PROCESS_LATENCY_2459,39
PROCESS_LATENCY_2460,80
PROCESS_LATENCY_2461,41
PROCESS_LATENCY_2462,41
PROCESS_LATENCY_2463,40
PROCESS_LATENCY_2464,39
PROCESS_LATENCY_2465,40
PROCESS_LATENCY_2466,39
PROCESS_LATENCY_2467,44
PROCESS_LATENCY_2468,47
PROCESS_LATENCY_2469,80
PROCESS_LATENCY_2470,45
PROCESS_LATENCY_2471,41
PROCESS_LATENCY_2472,39
PROCESS_LATENCY_2473,40
PROCESS_LATENCY_2474,40
PROCESS_LATENCY_2475,39
PROCESS_LATENCY_2476,40
PROCESS_LATENCY_2477,38
PROCESS_LATENCY_2478,42
PROCESS_LATENCY_2479,39
PROCESS_LATENCY_2480,39
PROCESS_LATENCY_2481,48
PROCESS_LATENCY_2482,40
PROCESS_LATENCY_2483,39
PROCESS_LATENCY_2484,40
PROCESS_LATENCY_2485,41
PROCESS_LATENCY_2486,41
PROCESS_LATENCY_2487,45
PROCESS_LATENCY_2488,47
PROCESS_LATENCY_2489,46
PROCESS_LATENCY_2490,47
PROCESS_LATENCY_2491,46
PROCESS_LATENCY_2492,46
PROCESS_LATENCY_2493,44
PROCESS_LATENCY_2494,50
PROCESS_LATENCY_2495,49
PROCESS_LATENCY_2496,44
PROCESS_LATENCY_2497,43
PROCESS_LATENCY_2498,44
PROCESS_LATENCY_2499,43
PROCESS_LATENCY_2500,45
PROCESS_LATENCY_2501,43
PROCESS_LATENCY_2502,44
PROCESS_LATENCY_2503,44
PROCESS_LATENCY_2504,54
PROCESS_LATENCY_2505,40
PROCESS_LATENCY_2506,37
PROCESS_LATENCY_2507,36
PROCESS_LATENCY_2508,38
PROCESS_LATENCY_2509,38
PROCESS_LATENCY_2510,37
PROCESS_LATENCY_2511,37
PROCESS_LATENCY_2512,38
PROCESS_LATENCY_2513,38
PROCESS_LATENCY_2514,37
PROCESS_LATENCY_2515,38
PROCESS_LATENCY_2516,37
PROCESS_LATENCY_2517,38
PROCESS_LATENCY_2518,38
PROCESS_LATENCY_2519,37
PROCESS_LATENCY_2520,37
PROCESS_LATENCY_2521,50
PROCESS_LATENCY_2522,38
PROCESS_LATENCY_2523,38
PROCESS_LATENCY_2524,37
PROCESS_LATENCY_2525,38
PROCESS_LATENCY_2526,37
PROCESS_LATENCY_2527,37
PROCESS_LATENCY_2528,36
PROCESS_LATENCY_2529,45
PROCESS_LATENCY_2530,47
PROCESS_LATENCY_2531,46
PROCESS_LATENCY_2532,48
PROCESS_LATENCY_2533,46
PROCESS_LATENCY_2534,47
PROCESS_LATENCY_2535,47
PROCESS_LATENCY_2536,48
PROCESS_LATENCY_2537,45
PROCESS_LATENCY_2538,86
PROCESS_LATENCY_2539,47
PROCESS_LATENCY_2540,41
PROCESS_LATENCY_2541,41
PROCESS_LATENCY_2542,40
PROCESS_LATENCY_2543,41
PROCESS_LATENCY_2544,39
PROCESS_LATENCY_2545,39
PROCESS_LATENCY_2546,40
PROCESS_LATENCY_2547,40
PROCESS_LATENCY_2548,39
PROCESS_LATENCY_2549,40
PROCESS_LATENCY_2550,40
PROCESS_LATENCY_2551,40
PROCESS_LATENCY_2552,39
PROCESS_LATENCY_2553,40
PROCESS_LATENCY_2554,39
PROCESS_LATENCY_2555,39
PROCESS_LATENCY_2556,49
PROCESS_LATENCY_2557,76
PROCESS_LATENCY_2558,46
PROCESS_LATENCY_2559,47
PROCESS_LATENCY_2560,45
PROCESS_LATENCY_2561,46
PROCESS_LATENCY_2562,46
PROCESS_LATENCY_2563,47
PROCESS_LATENCY_2564,47
PROCESS_LATENCY_2565,47
PROCESS_LATENCY_2566,51
PROCESS_LATENCY_2567,47
PROCESS_LATENCY_2568,47
PROCESS_LATENCY_2569,46
PROCESS_LATENCY_2570,47
PROCESS_LATENCY_2571,47
PROCESS_LATENCY_2572,46
PROCESS_LATENCY_2573,46
PROCESS_LATENCY_2574,48
PROCESS_LATENCY_2575,45
PROCESS_LATENCY_2576,45
PROCESS_LATENCY_2577,47
PROCESS_LATENCY_2578,47
PROCESS_LATENCY_2579,46
PROCESS_LATENCY_2580,45
PROCESS_LATENCY_2581,47
PROCESS_LATENCY_2582,45
PROCESS_LATENCY_2583,47
PROCESS_LATENCY_2584,58
PROCESS_LATENCY_2585,42
PROCESS_LATENCY_2586,42
PROCESS_LATENCY_2587,43
PROCESS_LATENCY_2588,43
PROCESS_LATENCY_2589,43
PROCESS_LATENCY_2590,42
PROCESS_LATENCY_2591,42
PROCESS_LATENCY_2592,42
PROCESS_LATENCY_2593,54
PROCESS_LATENCY_2594,44
PROCESS_LATENCY_2595,44
PROCESS_LATENCY_2596,43
PROCESS_LATENCY_2597,42
PROCESS_LATENCY_2598,42
PROCESS_LATENCY_2599,42
PROCESS_LATENCY_2600,42
PROCESS_LATENCY_2601,46
PROCESS_LATENCY_2602,69
PROCESS_LATENCY_2603,47
PROCESS_LATENCY_2604,46
PROCESS_LATENCY_2605,46
PROCESS_LATENCY_2606,47
PROCESS_LATENCY_2607,46
PROCESS_LATENCY_2608,45
PROCESS_LATENCY_2609,48
PROCESS_LATENCY_2610,47
PROCESS_LATENCY_2611,52
PROCESS_LATENCY_2612,62
PROCESS_LATENCY_2613,47
PROCESS_LATENCY_2614,41
PROCESS_LATENCY_2615,42
PROCESS_LATENCY_2616,41
PROCESS_LATENCY_2617,40
PROCESS_LATENCY_2618,40
PROCESS_LATENCY_2619,40
PROCESS_LATENCY_2620,39
PROCESS_LATENCY_2621,40
PROCESS_LATENCY_2622,39
PROCESS_LATENCY_2623,39
PROCESS_LATENCY_2624,39
PROCESS_LATENCY_2625,40
PROCESS_LATENCY_2626,39
PROCESS_LATENCY_2627,40
PROCESS_LATENCY_2628,40
PROCESS_LATENCY_2629,39
PROCESS_LATENCY_2630,39
PROCESS_LATENCY_2631,62
PROCESS_LATENCY_2632,45
PROCESS_LATENCY_2633,45
PROCESS_LATENCY_2634,47
PROCESS_LATENCY_2635,47
PROCESS_LATENCY_2636,47
PROCESS_LATENCY_2637,48
PROCESS_LATENCY_2638,45
PROCESS_LATENCY_2639,46
PROCESS_LATENCY_2640,53
PROCESS_LATENCY_2641,47
PROCESS_LATENCY_2642,47
PROCESS_LATENCY_2643,46
PROCESS_LATENCY_2644,47
PROCESS_LATENCY_2645,45
PROCESS_LATENCY_2646,47
PROCESS_LATENCY_2647,47
PROCESS_LATENCY_2648,47
PROCESS_LATENCY_2649,48
PROCESS_LATENCY_2650,45
PROCESS_LATENCY_2651,47
PROCESS_LATENCY_2652,45
PROCESS_LATENCY_2653,46
PROCESS_LATENCY_2654,46
PROCESS_LATENCY_2655,46
PROCESS_LATENCY_2656,45
PROCESS_LATENCY_2657,46
PROCESS_LATENCY_2658,44
PROCESS_LATENCY_2659,56
PROCESS_LATENCY_2660,44
PROCESS_LATENCY_2661,40
PROCESS_LATENCY_2662,39
PROCESS_LATENCY_2663,39
PROCESS_LATENCY_2664,41
PROCESS_LATENCY_2665,39
PROCESS_LATENCY_2666,41
PROCESS_LATENCY_2667,40
PROCESS_LATENCY_2668,86
PROCESS_LATENCY_2669,57
PROCESS_LATENCY_2670,40
PROCESS_LATENCY_2671,52
PROCESS_LATENCY_2672,41
PROCESS_LATENCY_2673,39
PROCESS_LATENCY_2674,40
PROCESS_LATENCY_2675,40
PROCESS_LATENCY_2676,39
PROCESS_LATENCY_2677,44
PROCESS_LATENCY_2678,49
PROCESS_LATENCY_2679,42
PROCESS_LATENCY_2680,42
PROCESS_LATENCY_2681,42
PROCESS_LATENCY_2682,49
PROCESS_LATENCY_2683,42
PROCESS_LATENCY_2684,42
PROCESS_LATENCY_2685,43
PROCESS_LATENCY_2686,42
PROCESS_LATENCY_2687,47
PROCESS_LATENCY_2688,42
PROCESS_LATENCY_2689,42
PROCESS_LATENCY_2690,41
PROCESS_LATENCY_2691,42
PROCESS_LATENCY_2692,42
PROCESS_LATENCY_2693,43
PROCESS_LATENCY_2694,41
PROCESS_LATENCY_2695,40
PROCESS_LATENCY_2696,46
PROCESS_LATENCY_2697,58
PROCESS_LATENCY_2698,47
PROCESS_LATENCY_2699,47
PROCESS_LATENCY_2700,48
PROCESS_LATENCY_2701,48
PROCESS_LATENCY_2702,46
PROCESS_LATENCY_2703,48
PROCESS_LATENCY_2704,45
PROCESS_LATENCY_2705,45
PROCESS_LATENCY_2706,82
PROCESS_LATENCY_2707,63
PROCESS_LATENCY_2708,47
PROCESS_LATENCY_2709,48
PROCESS_LATENCY_2710,46
PROCESS_LATENCY_2711,47
PROCESS_LATENCY_2712,47
PROCESS_LATENCY_2713,47
PROCESS_LATENCY_2714,48
PROCESS_LATENCY_2715,46
PROCESS_LATENCY_2716,74
PROCESS_LATENCY_2717,61
PROCESS_LATENCY_2718,46
PROCESS_LATENCY_2719,46
PROCESS_LATENCY_2720,45
PROCESS_LATENCY_2721,47
PROCESS_LATENCY_2722,45
PROCESS_LATENCY_2723,45
PROCESS_LATENCY_2724,45
PROCESS_LATENCY_2725,43
PROCESS_LATENCY_2726,43
PROCESS_LATENCY_2727,57
PROCESS_LATENCY_2728,44
PROCESS_LATENCY_2729,43
PROCESS_LATENCY_2730,44
PROCESS_LATENCY_2731,44
PROCESS_LATENCY_2732,42
PROCESS_LATENCY_2733,43
PROCESS_LATENCY_2734,43
PROCESS_LATENCY_2735,46
PROCESS_LATENCY_2736,43
PROCESS_LATENCY_2737,77
PROCESS_LATENCY_2738,52
PROCESS_LATENCY_2739,43
PROCESS_LATENCY_2740,43
PROCESS_LATENCY_2741,43
PROCESS_LATENCY_2742,46
PROCESS_LATENCY_2743,47
PROCESS_LATENCY_2744,47
PROCESS_LATENCY_2745,48
PROCESS_LATENCY_2746,45
PROCESS_LATENCY_2747,87
PROCESS_LATENCY_2748,64
PROCESS_LATENCY_2749,46
PROCESS_LATENCY_2750,47
PROCESS_LATENCY_2751,47
PROCESS_LATENCY_2752,47
PROCESS_LATENCY_2753,47
PROCESS_LATENCY_2754,46
PROCESS_LATENCY_2755,48
PROCESS_LATENCY_2756,46
PROCESS_LATENCY_2757,85
PROCESS_LATENCY_2758,58
PROCESS_LATENCY_2759,38
PROCESS_LATENCY_2760,38
PROCESS_LATENCY_2761,37
PROCESS_LATENCY_2762,37
PROCESS_LATENCY_2763,38
PROCESS_LATENCY_2764,38
PROCESS_LATENCY_2765,38
PROCESS_LATENCY_2766,37
PROCESS_LATENCY_2767,79
PROCESS_LATENCY_2768,54
PROCESS_LATENCY_2769,39
PROCESS_LATENCY_2770,39
PROCESS_LATENCY_2771,38
PROCESS_LATENCY_2772,38
PROCESS_LATENCY_2773,37
PROCESS_LATENCY_2774,38
PROCESS_LATENCY_2775,38
PROCESS_LATENCY_2776,45
PROCESS_LATENCY_2777,57
PROCESS_LATENCY_2778,44
PROCESS_LATENCY_2779,45
PROCESS_LATENCY_2780,55
PROCESS_LATENCY_2781,53
PROCESS_LATENCY_2782,46
PROCESS_LATENCY_2783,43
PROCESS_LATENCY_2784,45
PROCESS_LATENCY_2785,46
PROCESS_LATENCY_2786,44
PROCESS_LATENCY_2787,45
PROCESS_LATENCY_2788,61
PROCESS_LATENCY_2789,45
PROCESS_LATENCY_2790,46
PROCESS_LATENCY_2791,45
PROCESS_LATENCY_2792,44
PROCESS_LATENCY_2793,46
PROCESS_LATENCY_2794,46
PROCESS_LATENCY_2795,47
PROCESS_LATENCY_2796,46
PROCESS_LATENCY_2797,48
PROCESS_LATENCY_2798,61
PROCESS_LATENCY_2799,57
PROCESS_LATENCY_2800,40
PROCESS_LATENCY_2801,39
PROCESS_LATENCY_2802,40
PROCESS_LATENCY_2803,38
PROCESS_LATENCY_2804,38
PROCESS_LATENCY_2805,40
PROCESS_LATENCY_2806,40
PROCESS_LATENCY_2807,40
PROCESS_LATENCY_2808,73
PROCESS_LATENCY_2809,56
PROCESS_LATENCY_2810,40
PROCESS_LATENCY_2811,40
PROCESS_LATENCY_2812,39
PROCESS_LATENCY_2813,38
PROCESS_LATENCY_2814,40
PROCESS_LATENCY_2815,39
PROCESS_LATENCY_2816,39
PROCESS_LATENCY_2817,39
PROCESS_LATENCY_2818,40
PROCESS_LATENCY_2819,40
PROCESS_LATENCY_2820,39
PROCESS_LATENCY_2821,37
PROCESS_LATENCY_2822,38
PROCESS_LATENCY_2823,38
PROCESS_LATENCY_2824,38
PROCESS_LATENCY_2825,38
PROCESS_LATENCY_2826,42
PROCESS_LATENCY_2827,39
PROCESS_LATENCY_2828,38
PROCESS_LATENCY_2829,48
PROCESS_LATENCY_2830,37
PROCESS_LATENCY_2831,38
PROCESS_LATENCY_2832,39
PROCESS_LATENCY_2833,38
PROCESS_LATENCY_2834,39
PROCESS_LATENCY_2835,37
PROCESS_LATENCY_2836,37
PROCESS_LATENCY_2837,39
PROCESS_LATENCY_2838,44
PROCESS_LATENCY_2839,52
PROCESS_LATENCY_2840,45
PROCESS_LATENCY_2841,47
PROCESS_LATENCY_2842,45
PROCESS_LATENCY_2843,46
PROCESS_LATENCY_2844,46
PROCESS_LATENCY_2845,46
PROCESS_LATENCY_2846,50
PROCESS_LATENCY_2847,46
PROCESS_LATENCY_2848,44
PROCESS_LATENCY_2849,46
PROCESS_LATENCY_2850,46
PROCESS_LATENCY_2851,45
PROCESS_LATENCY_2852,45
PROCESS_LATENCY_2853,45
PROCESS_LATENCY_2854,46
PROCESS_LATENCY_2855,46
PROCESS_LATENCY_2856,50
PROCESS_LATENCY_2857,48
PROCESS_LATENCY_2858,47
PROCESS_LATENCY_2859,44
PROCESS_LATENCY_2860,38
PROCESS_LATENCY_2861,39
PROCESS_LATENCY_2862,40
PROCESS_LATENCY_2863,39
PROCESS_LATENCY_2864,38
PROCESS_LATENCY_2865,38
PROCESS_LATENCY_2866,38
PROCESS_LATENCY_2867,38
PROCESS_LATENCY_2868,39
PROCESS_LATENCY_2869,43
PROCESS_LATENCY_2870,39
PROCESS_LATENCY_2871,37
PROCESS_LATENCY_2872,38
PROCESS_LATENCY_2873,40
PROCESS_LATENCY_2874,39
PROCESS_LATENCY_2875,37
PROCESS_LATENCY_2876,37
PROCESS_LATENCY_2877,40
PROCESS_LATENCY_2878,41
PROCESS_LATENCY_2879,63
PROCESS_LATENCY_2880,43
PROCESS_LATENCY_2881,42
PROCESS_LATENCY_2882,42
PROCESS_LATENCY_2883,44
PROCESS_LATENCY_2884,43
PROCESS_LATENCY_2885,50
PROCESS_LATENCY_2886,43
PROCESS_LATENCY_2887,44
PROCESS_LATENCY_2888,43
PROCESS_LATENCY_2889,62
PROCESS_LATENCY_2890,44
PROCESS_LATENCY_2891,45
PROCESS_LATENCY_2892,46
PROCESS_LATENCY_2893,46
PROCESS_LATENCY_2894,45
PROCESS_LATENCY_2895,46
PROCESS_LATENCY_2896,44
PROCESS_LATENCY_2897,44
PROCESS_LATENCY_2898,45
PROCESS_LATENCY_2899,58
PROCESS_LATENCY_2900,46
PROCESS_LATENCY_2901,40
PROCESS_LATENCY_2902,38
PROCESS_LATENCY_2903,38
PROCESS_LATENCY_2904,38
PROCESS_LATENCY_2905,38
PROCESS_LATENCY_2906,38
PROCESS_LATENCY_2907,38
PROCESS_LATENCY_2908,38
PROCESS_LATENCY_2909,38
PROCESS_LATENCY_2910,38
PROCESS_LATENCY_2911,38
PROCESS_LATENCY_2912,38
PROCESS_LATENCY_2913,38
PROCESS_LATENCY_2914,38
PROCESS_LATENCY_2915,38
PROCESS_LATENCY_2916,40
PROCESS_LATENCY_2917,38
PROCESS_LATENCY_2918,83
PROCESS_LATENCY_2919,58
PROCESS_LATENCY_2920,43
PROCESS_LATENCY_2921,42
PROCESS_LATENCY_2922,43
PROCESS_LATENCY_2923,42
PROCESS_LATENCY_2924,45
PROCESS_LATENCY_2925,44
PROCESS_LATENCY_2926,46
PROCESS_LATENCY_2927,56
PROCESS_LATENCY_2928,82
PROCESS_LATENCY_2929,55
PROCESS_LATENCY_2930,38
PROCESS_LATENCY_2931,37
PROCESS_LATENCY_2932,39
PROCESS_LATENCY_2933,37
PROCESS_LATENCY_2934,39
PROCESS_LATENCY_2935,38
PROCESS_LATENCY_2936,42
PROCESS_LATENCY_2937,38
PROCESS_LATENCY_2938,40
PROCESS_LATENCY_2939,38
PROCESS_LATENCY_2940,37
PROCESS_LATENCY_2941,37
PROCESS_LATENCY_2942,37
PROCESS_LATENCY_2943,38
PROCESS_LATENCY_2944,37
PROCESS_LATENCY_2945,38
PROCESS_LATENCY_2946,38
PROCESS_LATENCY_2947,61
PROCESS_LATENCY_2948,41
PROCESS_LATENCY_2949,42
PROCESS_LATENCY_2950,42
PROCESS_LATENCY_2951,43
PROCESS_LATENCY_2952,43
PROCESS_LATENCY_2953,41
PROCESS_LATENCY_2954,44
PROCESS_LATENCY_2955,43
PROCESS_LATENCY_2956,55
PROCESS_LATENCY_2957,43
PROCESS_LATENCY_2958,42
PROCESS_LATENCY_2959,40
PROCESS_LATENCY_2960,41
PROCESS_LATENCY_2961,41
PROCESS_LATENCY_2962,41
PROCESS_LATENCY_2963,43
PROCESS_LATENCY_2964,42
PROCESS_LATENCY_2965,87
PROCESS_LATENCY_2966,46
PROCESS_LATENCY_2967,40
PROCESS_LATENCY_2968,41
PROCESS_LATENCY_2969,41
PROCESS_LATENCY_2970,41
PROCESS_LATENCY_2971,41
PROCESS_LATENCY_2972,40
PROCESS_LATENCY_2973,42
PROCESS_LATENCY_2974,51
PROCESS_LATENCY_2975,62
PROCESS_LATENCY_2976,46
PROCESS_LATENCY_2977,47
PROCESS_LATENCY_2978,47
PROCESS_LATENCY_2979,48
PROCESS_LATENCY_2980,45
PROCESS_LATENCY_2981,49
PROCESS_LATENCY_2982,48
PROCESS_LATENCY_2983,46
PROCESS_LATENCY_2984,46
PROCESS_LATENCY_2985,55
PROCESS_LATENCY_2986,39
PROCESS_LATENCY_2987,39
PROCESS_LATENCY_2988,37
PROCESS_LATENCY_2989,39
PROCESS_LATENCY_2990,39
PROCESS_LATENCY_2991,38
PROCESS_LATENCY_2992,39
PROCESS_LATENCY_2993,39
PROCESS_LATENCY_2994,84
PROCESS_LATENCY_2995,55
PROCESS_LATENCY_2996,39
PROCESS_LATENCY_2997,39
PROCESS_LATENCY_2998,38
PROCESS_LATENCY_2999,38
PROCESS_LATENCY_3000,38
PROCESS_LATENCY_3001,38
PROCESS_LATENCY_3002,43
PROCESS_LATENCY_3003,42
PROCESS_LATENCY_3004,44
PROCESS_LATENCY_3005,42
PROCESS_LATENCY_3006,42
PROCESS_LATENCY_3007,40
PROCESS_LATENCY_3008,40
PROCESS_LATENCY_3009,41
PROCESS_LATENCY_3010,41
PROCESS_LATENCY_3011,41
PROCESS_LATENCY_3012,41
PROCESS_LATENCY_3013,61
PROCESS_LATENCY_3014,42
PROCESS_LATENCY_3015,41
PROCESS_LATENCY_3016,44
PROCESS_LATENCY_3017,41
PROCESS_LATENCY_3018,40
PROCESS_LATENCY_3019,41
PROCESS_LATENCY_3020,40
PROCESS_LATENCY_3021,39
PROCESS_LATENCY_3022,95
PROCESS_LATENCY_3023,67
PROCESS_LATENCY_3024,47
PROCESS_LATENCY_3025,45
PROCESS_LATENCY_3026,47
PROCESS_LATENCY_3027,47
PROCESS_LATENCY_3028,47
PROCESS_LATENCY_3029,49
PROCESS_LATENCY_3030,47
PROCESS_LATENCY_3031,79
PROCESS_LATENCY_3032,52
PROCESS_LATENCY_3033,42
PROCESS_LATENCY_3034,42
PROCESS_LATENCY_3035,42
PROCESS_LATENCY_3036,42
PROCESS_LATENCY_3037,42
PROCESS_LATENCY_3038,42
PROCESS_LATENCY_3039,56
PROCESS_LATENCY_3040,44
PROCESS_LATENCY_3041,43
PROCESS_LATENCY_3042,43
PROCESS_LATENCY_3043,42
PROCESS_LATENCY_3044,44
PROCESS_LATENCY_3045,42
PROCESS_LATENCY_3046,42
PROCESS_LATENCY_3047,41
PROCESS_LATENCY_3048,45
PROCESS_LATENCY_3049,45
PROCESS_LATENCY_3050,41
PROCESS_LATENCY_3051,41
PROCESS_LATENCY_3052,41
PROCESS_LATENCY_3053,42
PROCESS_LATENCY_3054,41
PROCESS_LATENCY_3055,41
PROCESS_LATENCY_3056,40
PROCESS_LATENCY_3057,42
PROCESS_LATENCY_3058,47
PROCESS_LATENCY_3059,41
PROCESS_LATENCY_3060,41
PROCESS_LATENCY_3061,41
PROCESS_LATENCY_3062,41
PROCESS_LATENCY_3063,41
PROCESS_LATENCY_3064,42
PROCESS_LATENCY_3065,46
PROCESS_LATENCY_3066,46
PROCESS_LATENCY_3067,46
PROCESS_LATENCY_3068,47
PROCESS_LATENCY_3069,48
PROCESS_LATENCY_3070,48
PROCESS_LATENCY_3071,47
PROCESS_LATENCY_3072,47
PROCESS_LATENCY_3073,47
PROCESS_LATENCY_3074,46
PROCESS_LATENCY_3075,74
PROCESS_LATENCY_3076,45
PROCESS_LATENCY_3077,44
PROCESS_LATENCY_3078,45
PROCESS_LATENCY_3079,46
PROCESS_LATENCY_3080,46
PROCESS_LATENCY_3081,46
PROCESS_LATENCY_3082,47
PROCESS_LATENCY_3083,46
PROCESS_LATENCY_3084,55
PROCESS_LATENCY_3085,46
PROCESS_LATENCY_3086,47
PROCESS_LATENCY_3087,47
PROCESS_LATENCY_3088,46
PROCESS_LATENCY_3089,59
PROCESS_LATENCY_3090,46
PROCESS_LATENCY_3091,45
PROCESS_LATENCY_3092,49
PROCESS_LATENCY_3093,46
PROCESS_LATENCY_3094,59
PROCESS_LATENCY_3095,49
PROCESS_LATENCY_3096,47
PROCESS_LATENCY_3097,46
PROCESS_LATENCY_3098,48
PROCESS_LATENCY_3099,46
PROCESS_LATENCY_3100,44
PROCESS_LATENCY_3101,45
PROCESS_LATENCY_3102,45
PROCESS_LATENCY_3103,45
PROCESS_LATENCY_3104,45
PROCESS_LATENCY_3105,46
PROCESS_LATENCY_3106,45
PROCESS_LATENCY_3107,44
PROCESS_LATENCY_3108,46
PROCESS_LATENCY_3109,46
PROCESS_LATENCY_3110,46
PROCESS_LATENCY_3111,45
PROCESS_LATENCY_3112,46
PROCESS_LATENCY_3113,47
PROCESS_LATENCY_3114,48
PROCESS_LATENCY_3115,47
PROCESS_LATENCY_3116,46
PROCESS_LATENCY_3117,46
PROCESS_LATENCY_3118,47
PROCESS_LATENCY_3119,86
PROCESS_LATENCY_3120,46
PROCESS_LATENCY_3121,38
PROCESS_LATENCY_3122,38
PROCESS_LATENCY_3123,38
PROCESS_LATENCY_3124,38
PROCESS_LATENCY_3125,38
