ZEROMQ_RAW_RTT_0,92
ZEROMQ_RAW_RTT_1,85
ZEROMQ_RAW_RTT_2,83
ZEROMQ_RAW_RTT_3,75
ZEROMQ_RAW_RTT_4,73
ZEROMQ_RAW_RTT_5,69
ZEROMQ_RAW_RTT_6,73
ZEROMQ_RAW_RTT_7,67
ZEROMQ_RAW_RTT_8,66
ZEROMQ_RAW_RTT_9,70
ZEROMQ_RAW_RTT_10,70
ZEROMQ_RAW_RTT_11,70
ZEROMQ_RAW_RTT_12,69
ZEROMQ_RAW_RTT_13,68
ZEROMQ_RAW_RTT_14,76
ZEROMQ_RAW_RTT_15,71
ZEROMQ_RAW_RTT_16,72
ZEROMQ_RAW_RTT_17,71
ZEROMQ_RAW_RTT_18,67
ZEROMQ_RAW_RTT_19,69
ZEROMQ_RAW_RTT_20,71
ZEROMQ_RAW_RTT_21,67
ZEROMQ_RAW_RTT_22,70
ZEROMQ_RAW_RTT_23,67
ZEROMQ_RAW_RTT_24,70
ZEROMQ_RAW_RTT_25,69
ZEROMQ_RAW_RTT_26,63
ZEROMQ_RAW_RTT_27,72
ZEROMQ_RAW_RTT_28,75
ZEROMQ_RAW_RTT_29,74
ZEROMQ_RAW_RTT_30,67
ZEROMQ_RAW_RTT_31,67
ZEROMQ_RAW_RTT_32,70
ZEROMQ_RAW_RTT_33,64
ZEROMQ_RAW_RTT_34,70
ZEROMQ_RAW_RTT_35,72
ZEROMQ_RAW_RTT_36,71
ZEROMQ_RAW_RTT_37,72
ZEROMQ_RAW_RTT_38,71
ZEROMQ_RAW_RTT_39,60
ZEROMQ_RAW_RTT_40,68
ZEROMQ_RAW_RTT_41,68
ZEROMQ_RAW_RTT_42,69
ZEROMQ_RAW_RTT_43,69
ZEROMQ_RAW_RTT_44,70
ZEROMQ_RAW_RTT_45,73
ZEROMQ_RAW_RTT_46,69
ZEROMQ_RAW_RTT_47,77
ZEROMQ_RAW_RTT_48,75
ZEROMQ_RAW_RTT_49,70
ZEROMQ_RAW_RTT_50,75
ZEROMQ_RAW_RTT_51,62
ZEROMQ_RAW_RTT_52,66
ZEROMQ_RAW_RTT_53,67
ZEROMQ_RAW_RTT_54,74
ZEROMQ_RAW_RTT_55,70
ZEROMQ_RAW_RTT_56,69
ZEROMQ_RAW_RTT_57,69
ZEROMQ_RAW_RTT_58,72
ZEROMQ_RAW_RTT_59,68
ZEROMQ_RAW_RTT_60,67
ZEROMQ_RAW_RTT_61,66
ZEROMQ_RAW_RTT_62,66
ZEROMQ_RAW_RTT_63,74
ZEROMQ_RAW_RTT_64,69
ZEROMQ_RAW_RTT_65,68
ZEROMQ_RAW_RTT_66,67
ZEROMQ_RAW_RTT_67,65
ZEROMQ_RAW_RTT_68,66
ZEROMQ_RAW_RTT_69,68
ZEROMQ_RAW_RTT_70,66
ZEROMQ_RAW_RTT_71,60
ZEROMQ_RAW_RTT_72,62
ZEROMQ_RAW_RTT_73,64
ZEROMQ_RAW_RTT_74,67
ZEROMQ_RAW_RTT_75,67
ZEROMQ_RAW_RTT_76,64
ZEROMQ_RAW_RTT_77,73
ZEROMQ_RAW_RTT_78,71
ZEROMQ_RAW_RTT_79,74
ZEROMQ_RAW_RTT_80,65
ZEROMQ_RAW_RTT_81,74
ZEROMQ_RAW_RTT_82,71
ZEROMQ_RAW_RTT_83,83
ZEROMQ_RAW_RTT_84,70
ZEROMQ_RAW_RTT_85,73
ZEROMQ_RAW_RTT_86,75
ZEROMQ_RAW_RTT_87,70
ZEROMQ_RAW_RTT_88,71
ZEROMQ_RAW_RTT_89,73
ZEROMQ_RAW_RTT_90,72
ZEROMQ_RAW_RTT_91,76
ZEROMQ_RAW_RTT_92,72
ZEROMQ_RAW_RTT_93,68
ZEROMQ_RAW_RTT_94,73
ZEROMQ_RAW_RTT_95,70
ZEROMQ_RAW_RTT_96,74
ZEROMQ_RAW_RTT_97,71
ZEROMQ_RAW_RTT_98,71
ZEROMQ_RAW_RTT_99,67
ZEROMQ_RAW_RTT_100,69
ZEROMQ_RAW_RTT_101,67
ZEROMQ_RAW_RTT_102,69
ZEROMQ_RAW_RTT_103,72
ZEROMQ_RAW_RTT_104,67
ZEROMQ_RAW_RTT_105,71
ZEROMQ_RAW_RTT_106,68
ZEROMQ_RAW_RTT_107,72
ZEROMQ_RAW_RTT_108,70
ZEROMQ_RAW_RTT_109,72
ZEROMQ_RAW_RTT_110,68
ZEROMQ_RAW_RTT_111,69
ZEROMQ_RAW_RTT_112,72
ZEROMQ_RAW_RTT_113,67
ZEROMQ_RAW_RTT_114,67
ZEROMQ_RAW_RTT_115,70
ZEROMQ_RAW_RTT_116,68
ZEROMQ_RAW_RTT_117,69
ZEROMQ_RAW_RTT_118,66
ZEROMQ_RAW_RTT_119,72
ZEROMQ_RAW_RTT_120,64
ZEROMQ_RAW_RTT_121,69
ZEROMQ_RAW_RTT_122,71
ZEROMQ_RAW_RTT_123,72
ZEROMQ_RAW_RTT_124,75
ZEROMQ_RAW_RTT_125,66
ZEROMQ_RAW_RTT_126,73
ZEROMQ_RAW_RTT_127,65
ZEROMQ_RAW_RTT_128,69
ZEROMQ_RAW_RTT_129,71
ZEROMQ_RAW_RTT_130,72
ZEROMQ_RAW_RTT_131,57
ZEROMQ_RAW_RTT_132,57
ZEROMQ_RAW_RTT_133,56
ZEROMQ_RAW_RTT_134,57
ZEROMQ_RAW_RTT_135,58
ZEROMQ_RAW_RTT_136,56
ZEROMQ_RAW_RTT_137,57
ZEROMQ_RAW_RTT_138,57
ZEROMQ_RAW_RTT_139,55
ZEROMQ_RAW_RTT_140,57
ZEROMQ_RAW_RTT_141,58
ZEROMQ_RAW_RTT_142,59
ZEROMQ_RAW_RTT_143,59
ZEROMQ_RAW_RTT_144,59
ZEROMQ_RAW_RTT_145,56
ZEROMQ_RAW_RTT_146,57
ZEROMQ_RAW_RTT_147,57
ZEROMQ_RAW_RTT_148,56
ZEROMQ_RAW_RTT_149,57
ZEROMQ_RAW_RTT_150,56
ZEROMQ_RAW_RTT_151,57
ZEROMQ_RAW_RTT_152,57
ZEROMQ_RAW_RTT_153,57
ZEROMQ_RAW_RTT_154,58
ZEROMQ_RAW_RTT_155,58
ZEROMQ_RAW_RTT_156,57
ZEROMQ_RAW_RTT_157,56
ZEROMQ_RAW_RTT_158,57
ZEROMQ_RAW_RTT_159,58
ZEROMQ_RAW_RTT_160,56
ZEROMQ_RAW_RTT_161,57
ZEROMQ_RAW_RTT_162,56
ZEROMQ_RAW_RTT_163,57
ZEROMQ_RAW_RTT_164,59
ZEROMQ_RAW_RTT_165,56
ZEROMQ_RAW_RTT_166,57
ZEROMQ_RAW_RTT_167,58
ZEROMQ_RAW_RTT_168,57
ZEROMQ_RAW_RTT_169,56
ZEROMQ_RAW_RTT_170,58
ZEROMQ_RAW_RTT_171,57
ZEROMQ_RAW_RTT_172,57
ZEROMQ_RAW_RTT_173,57
ZEROMQ_RAW_RTT_174,56
ZEROMQ_RAW_RTT_175,57
ZEROMQ_RAW_RTT_176,56
ZEROMQ_RAW_RTT_177,57
ZEROMQ_RAW_RTT_178,58
ZEROMQ_RAW_RTT_179,56
ZEROMQ_RAW_RTT_180,57
ZEROMQ_RAW_RTT_181,56
ZEROMQ_RAW_RTT_182,56
ZEROMQ_RAW_RTT_183,56
ZEROMQ_RAW_RTT_184,58
ZEROMQ_RAW_RTT_185,57
ZEROMQ_RAW_RTT_186,57
ZEROMQ_RAW_RTT_187,59
ZEROMQ_RAW_RTT_188,58
ZEROMQ_RAW_RTT_189,57
ZEROMQ_RAW_RTT_190,58
ZEROMQ_RAW_RTT_191,58
ZEROMQ_RAW_RTT_192,57
ZEROMQ_RAW_RTT_193,57
ZEROMQ_RAW_RTT_194,58
ZEROMQ_RAW_RTT_195,57
ZEROMQ_RAW_RTT_196,58
ZEROMQ_RAW_RTT_197,55
ZEROMQ_RAW_RTT_198,56
ZEROMQ_RAW_RTT_199,58
ZEROMQ_RAW_RTT_200,58
ZEROMQ_RAW_RTT_201,57
ZEROMQ_RAW_RTT_202,58
ZEROMQ_RAW_RTT_203,57
ZEROMQ_RAW_RTT_204,56
ZEROMQ_RAW_RTT_205,57
ZEROMQ_RAW_RTT_206,65
ZEROMQ_RAW_RTT_207,58
ZEROMQ_RAW_RTT_208,56
ZEROMQ_RAW_RTT_209,58
ZEROMQ_RAW_RTT_210,58
ZEROMQ_RAW_RTT_211,58
ZEROMQ_RAW_RTT_212,57
ZEROMQ_RAW_RTT_213,58
ZEROMQ_RAW_RTT_214,57
ZEROMQ_RAW_RTT_215,57
ZEROMQ_RAW_RTT_216,58
ZEROMQ_RAW_RTT_217,57
ZEROMQ_RAW_RTT_218,56
ZEROMQ_RAW_RTT_219,58
ZEROMQ_RAW_RTT_220,57
ZEROMQ_RAW_RTT_221,57
ZEROMQ_RAW_RTT_222,57
ZEROMQ_RAW_RTT_223,57
ZEROMQ_RAW_RTT_224,56
ZEROMQ_RAW_RTT_225,57
ZEROMQ_RAW_RTT_226,58
ZEROMQ_RAW_RTT_227,55
ZEROMQ_RAW_RTT_228,57
ZEROMQ_RAW_RTT_229,58
ZEROMQ_RAW_RTT_230,56
ZEROMQ_RAW_RTT_231,57
ZEROMQ_RAW_RTT_232,56
ZEROMQ_RAW_RTT_233,57
ZEROMQ_RAW_RTT_234,56
ZEROMQ_RAW_RTT_235,58
ZEROMQ_RAW_RTT_236,57
ZEROMQ_RAW_RTT_237,57
ZEROMQ_RAW_RTT_238,57
ZEROMQ_RAW_RTT_239,56
ZEROMQ_RAW_RTT_240,57
ZEROMQ_RAW_RTT_241,57
ZEROMQ_RAW_RTT_242,58
ZEROMQ_RAW_RTT_243,56
ZEROMQ_RAW_RTT_244,56
ZEROMQ_RAW_RTT_245,57
ZEROMQ_RAW_RTT_246,57
ZEROMQ_RAW_RTT_247,58
ZEROMQ_RAW_RTT_248,57
ZEROMQ_RAW_RTT_249,58
ZEROMQ_RAW_RTT_250,56
ZEROMQ_RAW_RTT_251,57
ZEROMQ_RAW_RTT_252,56
ZEROMQ_RAW_RTT_253,58
ZEROMQ_RAW_RTT_254,57
ZEROMQ_RAW_RTT_255,58
ZEROMQ_RAW_RTT_256,58
ZEROMQ_RAW_RTT_257,57
ZEROMQ_RAW_RTT_258,56
ZEROMQ_RAW_RTT_259,58
ZEROMQ_RAW_RTT_260,57
ZEROMQ_RAW_RTT_261,57
ZEROMQ_RAW_RTT_262,57
ZEROMQ_RAW_RTT_263,57
ZEROMQ_RAW_RTT_264,56
ZEROMQ_RAW_RTT_265,57
ZEROMQ_RAW_RTT_266,57
ZEROMQ_RAW_RTT_267,57
ZEROMQ_RAW_RTT_268,57
ZEROMQ_RAW_RTT_269,57
ZEROMQ_RAW_RTT_270,58
ZEROMQ_RAW_RTT_271,59
ZEROMQ_RAW_RTT_272,58
ZEROMQ_RAW_RTT_273,57
ZEROMQ_RAW_RTT_274,58
ZEROMQ_RAW_RTT_275,57
ZEROMQ_RAW_RTT_276,56
ZEROMQ_RAW_RTT_277,62
ZEROMQ_RAW_RTT_278,57
ZEROMQ_RAW_RTT_279,58
ZEROMQ_RAW_RTT_280,60
ZEROMQ_RAW_RTT_281,58
ZEROMQ_RAW_RTT_282,57
ZEROMQ_RAW_RTT_283,56
ZEROMQ_RAW_RTT_284,58
ZEROMQ_RAW_RTT_285,56
ZEROMQ_RAW_RTT_286,57
ZEROMQ_RAW_RTT_287,57
ZEROMQ_RAW_RTT_288,58
ZEROMQ_RAW_RTT_289,55
ZEROMQ_RAW_RTT_290,58
ZEROMQ_RAW_RTT_291,57
ZEROMQ_RAW_RTT_292,58
ZEROMQ_RAW_RTT_293,58
ZEROMQ_RAW_RTT_294,59
ZEROMQ_RAW_RTT_295,58
ZEROMQ_RAW_RTT_296,58
ZEROMQ_RAW_RTT_297,56
ZEROMQ_RAW_RTT_298,55
ZEROMQ_RAW_RTT_299,59
ZEROMQ_RAW_RTT_300,57
ZEROMQ_RAW_RTT_301,56
ZEROMQ_RAW_RTT_302,57
ZEROMQ_RAW_RTT_303,57
ZEROMQ_RAW_RTT_304,57
ZEROMQ_RAW_RTT_305,56
ZEROMQ_RAW_RTT_306,57
ZEROMQ_RAW_RTT_307,62
ZEROMQ_RAW_RTT_308,58
ZEROMQ_RAW_RTT_309,58
ZEROMQ_RAW_RTT_310,57
ZEROMQ_RAW_RTT_311,57
ZEROMQ_RAW_RTT_312,57
ZEROMQ_RAW_RTT_313,58
ZEROMQ_RAW_RTT_314,56
ZEROMQ_RAW_RTT_315,57
ZEROMQ_RAW_RTT_316,57
ZEROMQ_RAW_RTT_317,58
ZEROMQ_RAW_RTT_318,57
ZEROMQ_RAW_RTT_319,58
ZEROMQ_RAW_RTT_320,58
ZEROMQ_RAW_RTT_321,57
ZEROMQ_RAW_RTT_322,57
ZEROMQ_RAW_RTT_323,57
ZEROMQ_RAW_RTT_324,56
ZEROMQ_RAW_RTT_325,58
ZEROMQ_RAW_RTT_326,57
ZEROMQ_RAW_RTT_327,56
ZEROMQ_RAW_RTT_328,55
ZEROMQ_RAW_RTT_329,58
ZEROMQ_RAW_RTT_330,57
ZEROMQ_RAW_RTT_331,59
ZEROMQ_RAW_RTT_332,58
ZEROMQ_RAW_RTT_333,56
ZEROMQ_RAW_RTT_334,57
ZEROMQ_RAW_RTT_335,58
ZEROMQ_RAW_RTT_336,56
ZEROMQ_RAW_RTT_337,65
ZEROMQ_RAW_RTT_338,57
ZEROMQ_RAW_RTT_339,58
ZEROMQ_RAW_RTT_340,61
ZEROMQ_RAW_RTT_341,58
ZEROMQ_RAW_RTT_342,56
ZEROMQ_RAW_RTT_343,56
ZEROMQ_RAW_RTT_344,57
ZEROMQ_RAW_RTT_345,58
ZEROMQ_RAW_RTT_346,57
ZEROMQ_RAW_RTT_347,58
ZEROMQ_RAW_RTT_348,60
ZEROMQ_RAW_RTT_349,57
ZEROMQ_RAW_RTT_350,57
ZEROMQ_RAW_RTT_351,58
ZEROMQ_RAW_RTT_352,58
ZEROMQ_RAW_RTT_353,56
ZEROMQ_RAW_RTT_354,56
ZEROMQ_RAW_RTT_355,57
ZEROMQ_RAW_RTT_356,57
ZEROMQ_RAW_RTT_357,58
ZEROMQ_RAW_RTT_358,58
ZEROMQ_RAW_RTT_359,57
ZEROMQ_RAW_RTT_360,57
ZEROMQ_RAW_RTT_361,57
ZEROMQ_RAW_RTT_362,64
ZEROMQ_RAW_RTT_363,57
ZEROMQ_RAW_RTT_364,58
ZEROMQ_RAW_RTT_365,56
ZEROMQ_RAW_RTT_366,58
ZEROMQ_RAW_RTT_367,57
ZEROMQ_RAW_RTT_368,71
ZEROMQ_RAW_RTT_369,58
ZEROMQ_RAW_RTT_370,57
ZEROMQ_RAW_RTT_371,56
ZEROMQ_RAW_RTT_372,57
ZEROMQ_RAW_RTT_373,57
ZEROMQ_RAW_RTT_374,58
ZEROMQ_RAW_RTT_375,57
ZEROMQ_RAW_RTT_376,58
ZEROMQ_RAW_RTT_377,59
ZEROMQ_RAW_RTT_378,58
ZEROMQ_RAW_RTT_379,57
ZEROMQ_RAW_RTT_380,57
ZEROMQ_RAW_RTT_381,57
ZEROMQ_RAW_RTT_382,57
ZEROMQ_RAW_RTT_383,58
ZEROMQ_RAW_RTT_384,55
ZEROMQ_RAW_RTT_385,57
ZEROMQ_RAW_RTT_386,57
ZEROMQ_RAW_RTT_387,56
ZEROMQ_RAW_RTT_388,56
ZEROMQ_RAW_RTT_389,57
ZEROMQ_RAW_RTT_390,57
ZEROMQ_RAW_RTT_391,58
ZEROMQ_RAW_RTT_392,58
ZEROMQ_RAW_RTT_393,58
ZEROMQ_RAW_RTT_394,57
ZEROMQ_RAW_RTT_395,58
ZEROMQ_RAW_RTT_396,57
ZEROMQ_RAW_RTT_397,57
ZEROMQ_RAW_RTT_398,57
ZEROMQ_RAW_RTT_399,58
ZEROMQ_RAW_RTT_400,58
ZEROMQ_RAW_RTT_401,58
ZEROMQ_RAW_RTT_402,57
ZEROMQ_RAW_RTT_403,57
ZEROMQ_RAW_RTT_404,59
ZEROMQ_RAW_RTT_405,57
ZEROMQ_RAW_RTT_406,59
ZEROMQ_RAW_RTT_407,57
ZEROMQ_RAW_RTT_408,56
ZEROMQ_RAW_RTT_409,58
ZEROMQ_RAW_RTT_410,56
ZEROMQ_RAW_RTT_411,57
ZEROMQ_RAW_RTT_412,57
ZEROMQ_RAW_RTT_413,58
ZEROMQ_RAW_RTT_414,57
ZEROMQ_RAW_RTT_415,59
ZEROMQ_RAW_RTT_416,58
ZEROMQ_RAW_RTT_417,58
ZEROMQ_RAW_RTT_418,57
ZEROMQ_RAW_RTT_419,57
ZEROMQ_RAW_RTT_420,58
ZEROMQ_RAW_RTT_421,57
ZEROMQ_RAW_RTT_422,58
ZEROMQ_RAW_RTT_423,56
ZEROMQ_RAW_RTT_424,59
ZEROMQ_RAW_RTT_425,57
ZEROMQ_RAW_RTT_426,58
ZEROMQ_RAW_RTT_427,58
ZEROMQ_RAW_RTT_428,58
ZEROMQ_RAW_RTT_429,56
ZEROMQ_RAW_RTT_430,58
ZEROMQ_RAW_RTT_431,58
ZEROMQ_RAW_RTT_432,57
ZEROMQ_RAW_RTT_433,58
ZEROMQ_RAW_RTT_434,56
ZEROMQ_RAW_RTT_435,57
ZEROMQ_RAW_RTT_436,56
ZEROMQ_RAW_RTT_437,56
ZEROMQ_RAW_RTT_438,58
ZEROMQ_RAW_RTT_439,57
ZEROMQ_RAW_RTT_440,57
ZEROMQ_RAW_RTT_441,58
ZEROMQ_RAW_RTT_442,58
ZEROMQ_RAW_RTT_443,57
ZEROMQ_RAW_RTT_444,57
ZEROMQ_RAW_RTT_445,57
ZEROMQ_RAW_RTT_446,56
ZEROMQ_RAW_RTT_447,57
ZEROMQ_RAW_RTT_448,59
ZEROMQ_RAW_RTT_449,56
ZEROMQ_RAW_RTT_450,57
ZEROMQ_RAW_RTT_451,56
ZEROMQ_RAW_RTT_452,57
ZEROMQ_RAW_RTT_453,56
ZEROMQ_RAW_RTT_454,58
ZEROMQ_RAW_RTT_455,57
ZEROMQ_RAW_RTT_456,58
ZEROMQ_RAW_RTT_457,57
ZEROMQ_RAW_RTT_458,58
ZEROMQ_RAW_RTT_459,57
ZEROMQ_RAW_RTT_460,56
ZEROMQ_RAW_RTT_461,57
ZEROMQ_RAW_RTT_462,57
ZEROMQ_RAW_RTT_463,57
ZEROMQ_RAW_RTT_464,58
ZEROMQ_RAW_RTT_465,57
ZEROMQ_RAW_RTT_466,58
ZEROMQ_RAW_RTT_467,57
ZEROMQ_RAW_RTT_468,57
ZEROMQ_RAW_RTT_469,56
ZEROMQ_RAW_RTT_470,57
ZEROMQ_RAW_RTT_471,56
ZEROMQ_RAW_RTT_472,57
ZEROMQ_RAW_RTT_473,59
ZEROMQ_RAW_RTT_474,57
ZEROMQ_RAW_RTT_475,57
ZEROMQ_RAW_RTT_476,57
ZEROMQ_RAW_RTT_477,58
ZEROMQ_RAW_RTT_478,58
ZEROMQ_RAW_RTT_479,56
ZEROMQ_RAW_RTT_480,57
ZEROMQ_RAW_RTT_481,67
ZEROMQ_RAW_RTT_482,67
ZEROMQ_RAW_RTT_483,66
ZEROMQ_RAW_RTT_484,57
ZEROMQ_RAW_RTT_485,56
ZEROMQ_RAW_RTT_486,57
ZEROMQ_RAW_RTT_487,57
ZEROMQ_RAW_RTT_488,59
ZEROMQ_RAW_RTT_489,58
ZEROMQ_RAW_RTT_490,59
ZEROMQ_RAW_RTT_491,61
ZEROMQ_RAW_RTT_492,57
ZEROMQ_RAW_RTT_493,58
ZEROMQ_RAW_RTT_494,59
ZEROMQ_RAW_RTT_495,57
ZEROMQ_RAW_RTT_496,57
ZEROMQ_RAW_RTT_497,58
ZEROMQ_RAW_RTT_498,58
ZEROMQ_RAW_RTT_499,58
ZEROMQ_RAW_RTT_500,57
ZEROMQ_RAW_RTT_501,57
ZEROMQ_RAW_RTT_502,58
ZEROMQ_RAW_RTT_503,58
ZEROMQ_RAW_RTT_504,57
ZEROMQ_RAW_RTT_505,58
ZEROMQ_RAW_RTT_506,57
ZEROMQ_RAW_RTT_507,57
ZEROMQ_RAW_RTT_508,57
ZEROMQ_RAW_RTT_509,63
ZEROMQ_RAW_RTT_510,57
ZEROMQ_RAW_RTT_511,57
ZEROMQ_RAW_RTT_512,57
ZEROMQ_RAW_RTT_513,57
ZEROMQ_RAW_RTT_514,57
ZEROMQ_RAW_RTT_515,57
ZEROMQ_RAW_RTT_516,58
ZEROMQ_RAW_RTT_517,55
ZEROMQ_RAW_RTT_518,56
ZEROMQ_RAW_RTT_519,57
ZEROMQ_RAW_RTT_520,56
ZEROMQ_RAW_RTT_521,57
ZEROMQ_RAW_RTT_522,57
ZEROMQ_RAW_RTT_523,59
ZEROMQ_RAW_RTT_524,57
ZEROMQ_RAW_RTT_525,58
ZEROMQ_RAW_RTT_526,58
ZEROMQ_RAW_RTT_527,58
ZEROMQ_RAW_RTT_528,58
ZEROMQ_RAW_RTT_529,57
ZEROMQ_RAW_RTT_530,58
ZEROMQ_RAW_RTT_531,58
ZEROMQ_RAW_RTT_532,58
ZEROMQ_RAW_RTT_533,57
ZEROMQ_RAW_RTT_534,57
ZEROMQ_RAW_RTT_535,58
ZEROMQ_RAW_RTT_536,57
ZEROMQ_RAW_RTT_537,57
ZEROMQ_RAW_RTT_538,57
ZEROMQ_RAW_RTT_539,56
ZEROMQ_RAW_RTT_540,57
ZEROMQ_RAW_RTT_541,58
ZEROMQ_RAW_RTT_542,57
ZEROMQ_RAW_RTT_543,57
ZEROMQ_RAW_RTT_544,61
ZEROMQ_RAW_RTT_545,61
ZEROMQ_RAW_RTT_546,59
ZEROMQ_RAW_RTT_547,58
ZEROMQ_RAW_RTT_548,57
ZEROMQ_RAW_RTT_549,58
ZEROMQ_RAW_RTT_550,58
ZEROMQ_RAW_RTT_551,58
ZEROMQ_RAW_RTT_552,57
ZEROMQ_RAW_RTT_553,57
ZEROMQ_RAW_RTT_554,58
ZEROMQ_RAW_RTT_555,61
ZEROMQ_RAW_RTT_556,58
ZEROMQ_RAW_RTT_557,56
ZEROMQ_RAW_RTT_558,57
ZEROMQ_RAW_RTT_559,56
ZEROMQ_RAW_RTT_560,57
ZEROMQ_RAW_RTT_561,56
ZEROMQ_RAW_RTT_562,56
ZEROMQ_RAW_RTT_563,56
ZEROMQ_RAW_RTT_564,57
ZEROMQ_RAW_RTT_565,58
ZEROMQ_RAW_RTT_566,57
ZEROMQ_RAW_RTT_567,56
ZEROMQ_RAW_RTT_568,58
ZEROMQ_RAW_RTT_569,58
ZEROMQ_RAW_RTT_570,57
ZEROMQ_RAW_RTT_571,57
ZEROMQ_RAW_RTT_572,55
ZEROMQ_RAW_RTT_573,65
ZEROMQ_RAW_RTT_574,57
ZEROMQ_RAW_RTT_575,57
ZEROMQ_RAW_RTT_576,57
ZEROMQ_RAW_RTT_577,58
ZEROMQ_RAW_RTT_578,58
ZEROMQ_RAW_RTT_579,59
ZEROMQ_RAW_RTT_580,59
ZEROMQ_RAW_RTT_581,57
ZEROMQ_RAW_RTT_582,60
ZEROMQ_RAW_RTT_583,58
ZEROMQ_RAW_RTT_584,58
ZEROMQ_RAW_RTT_585,61
ZEROMQ_RAW_RTT_586,57
ZEROMQ_RAW_RTT_587,57
ZEROMQ_RAW_RTT_588,57
ZEROMQ_RAW_RTT_589,57
ZEROMQ_RAW_RTT_590,56
ZEROMQ_RAW_RTT_591,58
ZEROMQ_RAW_RTT_592,56
ZEROMQ_RAW_RTT_593,58
ZEROMQ_RAW_RTT_594,58
ZEROMQ_RAW_RTT_595,57
ZEROMQ_RAW_RTT_596,57
ZEROMQ_RAW_RTT_597,57
ZEROMQ_RAW_RTT_598,57
ZEROMQ_RAW_RTT_599,57
ZEROMQ_RAW_RTT_600,57
ZEROMQ_RAW_RTT_601,56
ZEROMQ_RAW_RTT_602,56
ZEROMQ_RAW_RTT_603,57
ZEROMQ_RAW_RTT_604,57
ZEROMQ_RAW_RTT_605,57
ZEROMQ_RAW_RTT_606,57
ZEROMQ_RAW_RTT_607,57
ZEROMQ_RAW_RTT_608,56
ZEROMQ_RAW_RTT_609,57
ZEROMQ_RAW_RTT_610,65
ZEROMQ_RAW_RTT_611,58
ZEROMQ_RAW_RTT_612,57
ZEROMQ_RAW_RTT_613,57
ZEROMQ_RAW_RTT_614,57
ZEROMQ_RAW_RTT_615,57
ZEROMQ_RAW_RTT_616,58
ZEROMQ_RAW_RTT_617,57
ZEROMQ_RAW_RTT_618,56
ZEROMQ_RAW_RTT_619,56
ZEROMQ_RAW_RTT_620,58
ZEROMQ_RAW_RTT_621,59
ZEROMQ_RAW_RTT_622,58
ZEROMQ_RAW_RTT_623,58
ZEROMQ_RAW_RTT_624,57
ZEROMQ_RAW_RTT_625,57
ZEROMQ_RAW_RTT_626,57
ZEROMQ_RAW_RTT_627,57
ZEROMQ_RAW_RTT_628,58
ZEROMQ_RAW_RTT_629,56
ZEROMQ_RAW_RTT_630,58
ZEROMQ_RAW_RTT_631,57
ZEROMQ_RAW_RTT_632,57
ZEROMQ_RAW_RTT_633,58
ZEROMQ_RAW_RTT_634,57
ZEROMQ_RAW_RTT_635,58
ZEROMQ_RAW_RTT_636,61
ZEROMQ_RAW_RTT_637,56
ZEROMQ_RAW_RTT_638,58
ZEROMQ_RAW_RTT_639,58
ZEROMQ_RAW_RTT_640,58
ZEROMQ_RAW_RTT_641,56
ZEROMQ_RAW_RTT_642,57
ZEROMQ_RAW_RTT_643,57
ZEROMQ_RAW_RTT_644,58
ZEROMQ_RAW_RTT_645,57
ZEROMQ_RAW_RTT_646,57
ZEROMQ_RAW_RTT_647,58
ZEROMQ_RAW_RTT_648,57
ZEROMQ_RAW_RTT_649,57
ZEROMQ_RAW_RTT_650,58
ZEROMQ_RAW_RTT_651,59
ZEROMQ_RAW_RTT_652,57
ZEROMQ_RAW_RTT_653,58
ZEROMQ_RAW_RTT_654,57
ZEROMQ_RAW_RTT_655,57
ZEROMQ_RAW_RTT_656,57
ZEROMQ_RAW_RTT_657,58
ZEROMQ_RAW_RTT_658,57
ZEROMQ_RAW_RTT_659,57
ZEROMQ_RAW_RTT_660,57
ZEROMQ_RAW_RTT_661,57
ZEROMQ_RAW_RTT_662,57
ZEROMQ_RAW_RTT_663,58
ZEROMQ_RAW_RTT_664,57
ZEROMQ_RAW_RTT_665,57
ZEROMQ_RAW_RTT_666,57
ZEROMQ_RAW_RTT_667,57
ZEROMQ_RAW_RTT_668,58
ZEROMQ_RAW_RTT_669,57
ZEROMQ_RAW_RTT_670,57
ZEROMQ_RAW_RTT_671,58
ZEROMQ_RAW_RTT_672,58
ZEROMQ_RAW_RTT_673,58
ZEROMQ_RAW_RTT_674,56
ZEROMQ_RAW_RTT_675,60
ZEROMQ_RAW_RTT_676,58
ZEROMQ_RAW_RTT_677,57
ZEROMQ_RAW_RTT_678,59
ZEROMQ_RAW_RTT_679,57
ZEROMQ_RAW_RTT_680,59
ZEROMQ_RAW_RTT_681,58
ZEROMQ_RAW_RTT_682,59
ZEROMQ_RAW_RTT_683,58
ZEROMQ_RAW_RTT_684,57
ZEROMQ_RAW_RTT_685,58
ZEROMQ_RAW_RTT_686,57
ZEROMQ_RAW_RTT_687,57
ZEROMQ_RAW_RTT_688,57
ZEROMQ_RAW_RTT_689,58
ZEROMQ_RAW_RTT_690,57
ZEROMQ_RAW_RTT_691,57
ZEROMQ_RAW_RTT_692,57
ZEROMQ_RAW_RTT_693,58
ZEROMQ_RAW_RTT_694,57
ZEROMQ_RAW_RTT_695,56
ZEROMQ_RAW_RTT_696,57
ZEROMQ_RAW_RTT_697,58
ZEROMQ_RAW_RTT_698,57
ZEROMQ_RAW_RTT_699,56
ZEROMQ_RAW_RTT_700,57
ZEROMQ_RAW_RTT_701,56
ZEROMQ_RAW_RTT_702,58
ZEROMQ_RAW_RTT_703,56
ZEROMQ_RAW_RTT_704,58
ZEROMQ_RAW_RTT_705,57
ZEROMQ_RAW_RTT_706,57
ZEROMQ_RAW_RTT_707,56
ZEROMQ_RAW_RTT_708,58
ZEROMQ_RAW_RTT_709,58
ZEROMQ_RAW_RTT_710,58
ZEROMQ_RAW_RTT_711,58
ZEROMQ_RAW_RTT_712,58
ZEROMQ_RAW_RTT_713,58
ZEROMQ_RAW_RTT_714,57
ZEROMQ_RAW_RTT_715,58
ZEROMQ_RAW_RTT_716,57
ZEROMQ_RAW_RTT_717,58
ZEROMQ_RAW_RTT_718,58
ZEROMQ_RAW_RTT_719,56
ZEROMQ_RAW_RTT_720,57
ZEROMQ_RAW_RTT_721,58
ZEROMQ_RAW_RTT_722,61
ZEROMQ_RAW_RTT_723,63
ZEROMQ_RAW_RTT_724,57
ZEROMQ_RAW_RTT_725,57
ZEROMQ_RAW_RTT_726,58
ZEROMQ_RAW_RTT_727,58
ZEROMQ_RAW_RTT_728,58
ZEROMQ_RAW_RTT_729,57
ZEROMQ_RAW_RTT_730,57
ZEROMQ_RAW_RTT_731,58
ZEROMQ_RAW_RTT_732,59
ZEROMQ_RAW_RTT_733,60
ZEROMQ_RAW_RTT_734,56
ZEROMQ_RAW_RTT_735,58
ZEROMQ_RAW_RTT_736,58
ZEROMQ_RAW_RTT_737,57
ZEROMQ_RAW_RTT_738,57
ZEROMQ_RAW_RTT_739,59
ZEROMQ_RAW_RTT_740,56
ZEROMQ_RAW_RTT_741,57
ZEROMQ_RAW_RTT_742,57
ZEROMQ_RAW_RTT_743,58
ZEROMQ_RAW_RTT_744,58
ZEROMQ_RAW_RTT_745,57
ZEROMQ_RAW_RTT_746,56
ZEROMQ_RAW_RTT_747,58
ZEROMQ_RAW_RTT_748,57
ZEROMQ_RAW_RTT_749,56
ZEROMQ_RAW_RTT_750,57
ZEROMQ_RAW_RTT_751,57
ZEROMQ_RAW_RTT_752,56
ZEROMQ_RAW_RTT_753,57
ZEROMQ_RAW_RTT_754,58
ZEROMQ_RAW_RTT_755,56
ZEROMQ_RAW_RTT_756,57
ZEROMQ_RAW_RTT_757,57
ZEROMQ_RAW_RTT_758,57
ZEROMQ_RAW_RTT_759,68
ZEROMQ_RAW_RTT_760,57
ZEROMQ_RAW_RTT_761,58
ZEROMQ_RAW_RTT_762,56
ZEROMQ_RAW_RTT_763,56
ZEROMQ_RAW_RTT_764,58
ZEROMQ_RAW_RTT_765,57
ZEROMQ_RAW_RTT_766,58
ZEROMQ_RAW_RTT_767,59
ZEROMQ_RAW_RTT_768,57
ZEROMQ_RAW_RTT_769,58
ZEROMQ_RAW_RTT_770,56
ZEROMQ_RAW_RTT_771,58
ZEROMQ_RAW_RTT_772,63
ZEROMQ_RAW_RTT_773,57
ZEROMQ_RAW_RTT_774,58
ZEROMQ_RAW_RTT_775,57
ZEROMQ_RAW_RTT_776,57
ZEROMQ_RAW_RTT_777,56
ZEROMQ_RAW_RTT_778,58
ZEROMQ_RAW_RTT_779,57
ZEROMQ_RAW_RTT_780,57
ZEROMQ_RAW_RTT_781,57
ZEROMQ_RAW_RTT_782,57
ZEROMQ_RAW_RTT_783,57
ZEROMQ_RAW_RTT_784,58
ZEROMQ_RAW_RTT_785,57
ZEROMQ_RAW_RTT_786,57
ZEROMQ_RAW_RTT_787,57
ZEROMQ_RAW_RTT_788,58
ZEROMQ_RAW_RTT_789,56
ZEROMQ_RAW_RTT_790,56
ZEROMQ_RAW_RTT_791,57
ZEROMQ_RAW_RTT_792,57
ZEROMQ_RAW_RTT_793,56
ZEROMQ_RAW_RTT_794,58
ZEROMQ_RAW_RTT_795,58
ZEROMQ_RAW_RTT_796,57
ZEROMQ_RAW_RTT_797,57
ZEROMQ_RAW_RTT_798,56
ZEROMQ_RAW_RTT_799,57
ZEROMQ_RAW_RTT_800,57
ZEROMQ_RAW_RTT_801,57
ZEROMQ_RAW_RTT_802,61
ZEROMQ_RAW_RTT_803,58
ZEROMQ_RAW_RTT_804,58
ZEROMQ_RAW_RTT_805,57
ZEROMQ_RAW_RTT_806,58
ZEROMQ_RAW_RTT_807,58
ZEROMQ_RAW_RTT_808,57
ZEROMQ_RAW_RTT_809,56
ZEROMQ_RAW_RTT_810,58
ZEROMQ_RAW_RTT_811,56
ZEROMQ_RAW_RTT_812,67
ZEROMQ_RAW_RTT_813,56
ZEROMQ_RAW_RTT_814,57
ZEROMQ_RAW_RTT_815,57
ZEROMQ_RAW_RTT_816,56
ZEROMQ_RAW_RTT_817,57
ZEROMQ_RAW_RTT_818,57
ZEROMQ_RAW_RTT_819,57
ZEROMQ_RAW_RTT_820,57
ZEROMQ_RAW_RTT_821,57
ZEROMQ_RAW_RTT_822,58
ZEROMQ_RAW_RTT_823,57
ZEROMQ_RAW_RTT_824,58
ZEROMQ_RAW_RTT_825,57
ZEROMQ_RAW_RTT_826,57
ZEROMQ_RAW_RTT_827,59
ZEROMQ_RAW_RTT_828,57
ZEROMQ_RAW_RTT_829,56
ZEROMQ_RAW_RTT_830,58
ZEROMQ_RAW_RTT_831,58
ZEROMQ_RAW_RTT_832,58
ZEROMQ_RAW_RTT_833,56
ZEROMQ_RAW_RTT_834,58
ZEROMQ_RAW_RTT_835,63
ZEROMQ_RAW_RTT_836,58
ZEROMQ_RAW_RTT_837,59
ZEROMQ_RAW_RTT_838,57
ZEROMQ_RAW_RTT_839,58
ZEROMQ_RAW_RTT_840,58
ZEROMQ_RAW_RTT_841,57
ZEROMQ_RAW_RTT_842,58
ZEROMQ_RAW_RTT_843,57
ZEROMQ_RAW_RTT_844,58
ZEROMQ_RAW_RTT_845,57
ZEROMQ_RAW_RTT_846,56
ZEROMQ_RAW_RTT_847,57
ZEROMQ_RAW_RTT_848,57
ZEROMQ_RAW_RTT_849,58
ZEROMQ_RAW_RTT_850,57
ZEROMQ_RAW_RTT_851,57
ZEROMQ_RAW_RTT_852,58
ZEROMQ_RAW_RTT_853,57
ZEROMQ_RAW_RTT_854,58
ZEROMQ_RAW_RTT_855,57
ZEROMQ_RAW_RTT_856,57
ZEROMQ_RAW_RTT_857,57
ZEROMQ_RAW_RTT_858,57
ZEROMQ_RAW_RTT_859,56
ZEROMQ_RAW_RTT_860,57
ZEROMQ_RAW_RTT_861,57
ZEROMQ_RAW_RTT_862,57
ZEROMQ_RAW_RTT_863,57
ZEROMQ_RAW_RTT_864,57
ZEROMQ_RAW_RTT_865,57
ZEROMQ_RAW_RTT_866,56
ZEROMQ_RAW_RTT_867,56
ZEROMQ_RAW_RTT_868,56
ZEROMQ_RAW_RTT_869,56
ZEROMQ_RAW_RTT_870,57
ZEROMQ_RAW_RTT_871,57
ZEROMQ_RAW_RTT_872,57
ZEROMQ_RAW_RTT_873,59
ZEROMQ_RAW_RTT_874,58
ZEROMQ_RAW_RTT_875,57
ZEROMQ_RAW_RTT_876,60
ZEROMQ_RAW_RTT_877,58
ZEROMQ_RAW_RTT_878,57
ZEROMQ_RAW_RTT_879,59
ZEROMQ_RAW_RTT_880,58
ZEROMQ_RAW_RTT_881,57
ZEROMQ_RAW_RTT_882,57
ZEROMQ_RAW_RTT_883,56
ZEROMQ_RAW_RTT_884,57
ZEROMQ_RAW_RTT_885,57
ZEROMQ_RAW_RTT_886,56
ZEROMQ_RAW_RTT_887,56
ZEROMQ_RAW_RTT_888,58
ZEROMQ_RAW_RTT_889,57
ZEROMQ_RAW_RTT_890,57
ZEROMQ_RAW_RTT_891,57
ZEROMQ_RAW_RTT_892,58
ZEROMQ_RAW_RTT_893,59
ZEROMQ_RAW_RTT_894,60
ZEROMQ_RAW_RTT_895,58
ZEROMQ_RAW_RTT_896,58
ZEROMQ_RAW_RTT_897,61
ZEROMQ_RAW_RTT_898,57
ZEROMQ_RAW_RTT_899,57
ZEROMQ_RAW_RTT_900,58
ZEROMQ_RAW_RTT_901,62
ZEROMQ_RAW_RTT_902,57
ZEROMQ_RAW_RTT_903,57
ZEROMQ_RAW_RTT_904,58
ZEROMQ_RAW_RTT_905,58
ZEROMQ_RAW_RTT_906,57
ZEROMQ_RAW_RTT_907,57
ZEROMQ_RAW_RTT_908,56
ZEROMQ_RAW_RTT_909,57
ZEROMQ_RAW_RTT_910,58
ZEROMQ_RAW_RTT_911,57
ZEROMQ_RAW_RTT_912,57
ZEROMQ_RAW_RTT_913,57
ZEROMQ_RAW_RTT_914,57
ZEROMQ_RAW_RTT_915,56
ZEROMQ_RAW_RTT_916,59
ZEROMQ_RAW_RTT_917,57
ZEROMQ_RAW_RTT_918,58
ZEROMQ_RAW_RTT_919,57
ZEROMQ_RAW_RTT_920,57
ZEROMQ_RAW_RTT_921,57
ZEROMQ_RAW_RTT_922,57
ZEROMQ_RAW_RTT_923,58
ZEROMQ_RAW_RTT_924,56
ZEROMQ_RAW_RTT_925,58
ZEROMQ_RAW_RTT_926,58
ZEROMQ_RAW_RTT_927,57
ZEROMQ_RAW_RTT_928,58
ZEROMQ_RAW_RTT_929,57
ZEROMQ_RAW_RTT_930,59
ZEROMQ_RAW_RTT_931,59
ZEROMQ_RAW_RTT_932,58
ZEROMQ_RAW_RTT_933,56
ZEROMQ_RAW_RTT_934,57
ZEROMQ_RAW_RTT_935,56
ZEROMQ_RAW_RTT_936,59
ZEROMQ_RAW_RTT_937,58
ZEROMQ_RAW_RTT_938,57
ZEROMQ_RAW_RTT_939,57
ZEROMQ_RAW_RTT_940,58
ZEROMQ_RAW_RTT_941,58
ZEROMQ_RAW_RTT_942,58
ZEROMQ_RAW_RTT_943,57
ZEROMQ_RAW_RTT_944,57
ZEROMQ_RAW_RTT_945,58
ZEROMQ_RAW_RTT_946,56
ZEROMQ_RAW_RTT_947,58
ZEROMQ_RAW_RTT_948,57
ZEROMQ_RAW_RTT_949,57
ZEROMQ_RAW_RTT_950,58
ZEROMQ_RAW_RTT_951,57
ZEROMQ_RAW_RTT_952,57
ZEROMQ_RAW_RTT_953,57
ZEROMQ_RAW_RTT_954,58
ZEROMQ_RAW_RTT_955,57
ZEROMQ_RAW_RTT_956,58
ZEROMQ_RAW_RTT_957,58
ZEROMQ_RAW_RTT_958,55
ZEROMQ_RAW_RTT_959,56
ZEROMQ_RAW_RTT_960,58
ZEROMQ_RAW_RTT_961,57
ZEROMQ_RAW_RTT_962,57
ZEROMQ_RAW_RTT_963,57
ZEROMQ_RAW_RTT_964,56
ZEROMQ_RAW_RTT_965,57
ZEROMQ_RAW_RTT_966,57
ZEROMQ_RAW_RTT_967,57
ZEROMQ_RAW_RTT_968,58
ZEROMQ_RAW_RTT_969,58
ZEROMQ_RAW_RTT_970,58
ZEROMQ_RAW_RTT_971,56
ZEROMQ_RAW_RTT_972,58
ZEROMQ_RAW_RTT_973,57
ZEROMQ_RAW_RTT_974,57
ZEROMQ_RAW_RTT_975,57
ZEROMQ_RAW_RTT_976,57
ZEROMQ_RAW_RTT_977,56
ZEROMQ_RAW_RTT_978,58
ZEROMQ_RAW_RTT_979,57
ZEROMQ_RAW_RTT_980,56
ZEROMQ_RAW_RTT_981,57
ZEROMQ_RAW_RTT_982,58
ZEROMQ_RAW_RTT_983,56
ZEROMQ_RAW_RTT_984,57
ZEROMQ_RAW_RTT_985,57
ZEROMQ_RAW_RTT_986,56
ZEROMQ_RAW_RTT_987,58
ZEROMQ_RAW_RTT_988,57
ZEROMQ_RAW_RTT_989,57
ZEROMQ_RAW_RTT_990,57
ZEROMQ_RAW_RTT_991,56
ZEROMQ_RAW_RTT_992,57
ZEROMQ_RAW_RTT_993,58
ZEROMQ_RAW_RTT_994,57
ZEROMQ_RAW_RTT_995,57
ZEROMQ_RAW_RTT_996,56
ZEROMQ_RAW_RTT_997,57
ZEROMQ_RAW_RTT_998,56
ZEROMQ_RAW_RTT_999,57
ZEROMQ_RAW_RTT_1000,56
ZEROMQ_RAW_RTT_1001,57
ZEROMQ_RAW_RTT_1002,57
ZEROMQ_RAW_RTT_1003,57
ZEROMQ_RAW_RTT_1004,57
ZEROMQ_RAW_RTT_1005,57
ZEROMQ_RAW_RTT_1006,56
ZEROMQ_RAW_RTT_1007,56
ZEROMQ_RAW_RTT_1008,57
ZEROMQ_RAW_RTT_1009,57
ZEROMQ_RAW_RTT_1010,58
ZEROMQ_RAW_RTT_1011,56
ZEROMQ_RAW_RTT_1012,58
ZEROMQ_RAW_RTT_1013,57
ZEROMQ_RAW_RTT_1014,57
ZEROMQ_RAW_RTT_1015,57
ZEROMQ_RAW_RTT_1016,57
ZEROMQ_RAW_RTT_1017,58
ZEROMQ_RAW_RTT_1018,56
ZEROMQ_RAW_RTT_1019,57
ZEROMQ_RAW_RTT_1020,56
ZEROMQ_RAW_RTT_1021,56
ZEROMQ_RAW_RTT_1022,58
ZEROMQ_RAW_RTT_1023,57
ZEROMQ_RAW_RTT_1024,57
ZEROMQ_RAW_RTT_1025,57
ZEROMQ_RAW_RTT_1026,57
ZEROMQ_RAW_RTT_1027,56
ZEROMQ_RAW_RTT_1028,58
ZEROMQ_RAW_RTT_1029,58
ZEROMQ_RAW_RTT_1030,57
ZEROMQ_RAW_RTT_1031,57
ZEROMQ_RAW_RTT_1032,58
ZEROMQ_RAW_RTT_1033,58
ZEROMQ_RAW_RTT_1034,58
ZEROMQ_RAW_RTT_1035,56
ZEROMQ_RAW_RTT_1036,58
ZEROMQ_RAW_RTT_1037,58
ZEROMQ_RAW_RTT_1038,58
ZEROMQ_RAW_RTT_1039,63
ZEROMQ_RAW_RTT_1040,57
ZEROMQ_RAW_RTT_1041,57
ZEROMQ_RAW_RTT_1042,58
ZEROMQ_RAW_RTT_1043,57
ZEROMQ_RAW_RTT_1044,56
ZEROMQ_RAW_RTT_1045,57
ZEROMQ_RAW_RTT_1046,57
ZEROMQ_RAW_RTT_1047,58
ZEROMQ_RAW_RTT_1048,57
ZEROMQ_RAW_RTT_1049,56
ZEROMQ_RAW_RTT_1050,57
ZEROMQ_RAW_RTT_1051,58
ZEROMQ_RAW_RTT_1052,58
ZEROMQ_RAW_RTT_1053,58
ZEROMQ_RAW_RTT_1054,58
ZEROMQ_RAW_RTT_1055,57
ZEROMQ_RAW_RTT_1056,57
ZEROMQ_RAW_RTT_1057,58
ZEROMQ_RAW_RTT_1058,68
ZEROMQ_RAW_RTT_1059,58
ZEROMQ_RAW_RTT_1060,57
ZEROMQ_RAW_RTT_1061,57
ZEROMQ_RAW_RTT_1062,56
ZEROMQ_RAW_RTT_1063,58
ZEROMQ_RAW_RTT_1064,58
ZEROMQ_RAW_RTT_1065,57
ZEROMQ_RAW_RTT_1066,57
ZEROMQ_RAW_RTT_1067,58
ZEROMQ_RAW_RTT_1068,57
ZEROMQ_RAW_RTT_1069,57
ZEROMQ_RAW_RTT_1070,57
ZEROMQ_RAW_RTT_1071,57
ZEROMQ_RAW_RTT_1072,57
ZEROMQ_RAW_RTT_1073,56
ZEROMQ_RAW_RTT_1074,60
ZEROMQ_RAW_RTT_1075,57
ZEROMQ_RAW_RTT_1076,58
ZEROMQ_RAW_RTT_1077,57
ZEROMQ_RAW_RTT_1078,58
ZEROMQ_RAW_RTT_1079,56
ZEROMQ_RAW_RTT_1080,58
ZEROMQ_RAW_RTT_1081,57
ZEROMQ_RAW_RTT_1082,55
ZEROMQ_RAW_RTT_1083,57
ZEROMQ_RAW_RTT_1084,59
ZEROMQ_RAW_RTT_1085,57
ZEROMQ_RAW_RTT_1086,60
ZEROMQ_RAW_RTT_1087,58
ZEROMQ_RAW_RTT_1088,58
ZEROMQ_RAW_RTT_1089,57
ZEROMQ_RAW_RTT_1090,58
ZEROMQ_RAW_RTT_1091,58
ZEROMQ_RAW_RTT_1092,57
ZEROMQ_RAW_RTT_1093,56
ZEROMQ_RAW_RTT_1094,57
ZEROMQ_RAW_RTT_1095,58
ZEROMQ_RAW_RTT_1096,57
ZEROMQ_RAW_RTT_1097,57
ZEROMQ_RAW_RTT_1098,56
ZEROMQ_RAW_RTT_1099,56
ZEROMQ_RAW_RTT_1100,58
ZEROMQ_RAW_RTT_1101,57
ZEROMQ_RAW_RTT_1102,56
ZEROMQ_RAW_RTT_1103,56
ZEROMQ_RAW_RTT_1104,58
ZEROMQ_RAW_RTT_1105,58
ZEROMQ_RAW_RTT_1106,58
ZEROMQ_RAW_RTT_1107,57
ZEROMQ_RAW_RTT_1108,57
ZEROMQ_RAW_RTT_1109,57
ZEROMQ_RAW_RTT_1110,57
ZEROMQ_RAW_RTT_1111,58
ZEROMQ_RAW_RTT_1112,58
ZEROMQ_RAW_RTT_1113,57
ZEROMQ_RAW_RTT_1114,58
ZEROMQ_RAW_RTT_1115,55
ZEROMQ_RAW_RTT_1116,57
ZEROMQ_RAW_RTT_1117,57
ZEROMQ_RAW_RTT_1118,57
ZEROMQ_RAW_RTT_1119,56
ZEROMQ_RAW_RTT_1120,57
ZEROMQ_RAW_RTT_1121,57
ZEROMQ_RAW_RTT_1122,57
ZEROMQ_RAW_RTT_1123,57
ZEROMQ_RAW_RTT_1124,58
ZEROMQ_RAW_RTT_1125,57
ZEROMQ_RAW_RTT_1126,58
ZEROMQ_RAW_RTT_1127,56
ZEROMQ_RAW_RTT_1128,56
ZEROMQ_RAW_RTT_1129,57
ZEROMQ_RAW_RTT_1130,57
ZEROMQ_RAW_RTT_1131,56
ZEROMQ_RAW_RTT_1132,57
ZEROMQ_RAW_RTT_1133,61
ZEROMQ_RAW_RTT_1134,57
ZEROMQ_RAW_RTT_1135,58
ZEROMQ_RAW_RTT_1136,57
ZEROMQ_RAW_RTT_1137,59
ZEROMQ_RAW_RTT_1138,58
ZEROMQ_RAW_RTT_1139,57
ZEROMQ_RAW_RTT_1140,55
ZEROMQ_RAW_RTT_1141,56
ZEROMQ_RAW_RTT_1142,58
ZEROMQ_RAW_RTT_1143,57
ZEROMQ_RAW_RTT_1144,56
ZEROMQ_RAW_RTT_1145,57
ZEROMQ_RAW_RTT_1146,58
ZEROMQ_RAW_RTT_1147,56
ZEROMQ_RAW_RTT_1148,57
ZEROMQ_RAW_RTT_1149,57
ZEROMQ_RAW_RTT_1150,56
ZEROMQ_RAW_RTT_1151,58
ZEROMQ_RAW_RTT_1152,58
ZEROMQ_RAW_RTT_1153,58
ZEROMQ_RAW_RTT_1154,57
ZEROMQ_RAW_RTT_1155,58
ZEROMQ_RAW_RTT_1156,57
ZEROMQ_RAW_RTT_1157,57
ZEROMQ_RAW_RTT_1158,56
ZEROMQ_RAW_RTT_1159,56
ZEROMQ_RAW_RTT_1160,57
ZEROMQ_RAW_RTT_1161,58
ZEROMQ_RAW_RTT_1162,57
ZEROMQ_RAW_RTT_1163,58
ZEROMQ_RAW_RTT_1164,56
ZEROMQ_RAW_RTT_1165,56
ZEROMQ_RAW_RTT_1166,57
ZEROMQ_RAW_RTT_1167,58
ZEROMQ_RAW_RTT_1168,57
ZEROMQ_RAW_RTT_1169,58
ZEROMQ_RAW_RTT_1170,57
ZEROMQ_RAW_RTT_1171,58
ZEROMQ_RAW_RTT_1172,57
ZEROMQ_RAW_RTT_1173,56
ZEROMQ_RAW_RTT_1174,57
ZEROMQ_RAW_RTT_1175,56
ZEROMQ_RAW_RTT_1176,58
ZEROMQ_RAW_RTT_1177,55
ZEROMQ_RAW_RTT_1178,56
ZEROMQ_RAW_RTT_1179,56
ZEROMQ_RAW_RTT_1180,57
ZEROMQ_RAW_RTT_1181,57
ZEROMQ_RAW_RTT_1182,56
ZEROMQ_RAW_RTT_1183,57
ZEROMQ_RAW_RTT_1184,57
ZEROMQ_RAW_RTT_1185,57
ZEROMQ_RAW_RTT_1186,57
ZEROMQ_RAW_RTT_1187,58
ZEROMQ_RAW_RTT_1188,56
ZEROMQ_RAW_RTT_1189,58
ZEROMQ_RAW_RTT_1190,62
ZEROMQ_RAW_RTT_1191,56
ZEROMQ_RAW_RTT_1192,57
ZEROMQ_RAW_RTT_1193,55
ZEROMQ_RAW_RTT_1194,56
ZEROMQ_RAW_RTT_1195,57
ZEROMQ_RAW_RTT_1196,56
ZEROMQ_RAW_RTT_1197,57
ZEROMQ_RAW_RTT_1198,57
ZEROMQ_RAW_RTT_1199,58
ZEROMQ_RAW_RTT_1200,58
ZEROMQ_RAW_RTT_1201,58
ZEROMQ_RAW_RTT_1202,57
ZEROMQ_RAW_RTT_1203,57
ZEROMQ_RAW_RTT_1204,56
ZEROMQ_RAW_RTT_1205,57
ZEROMQ_RAW_RTT_1206,57
ZEROMQ_RAW_RTT_1207,57
ZEROMQ_RAW_RTT_1208,57
ZEROMQ_RAW_RTT_1209,56
ZEROMQ_RAW_RTT_1210,56
ZEROMQ_RAW_RTT_1211,57
ZEROMQ_RAW_RTT_1212,58
ZEROMQ_RAW_RTT_1213,57
ZEROMQ_RAW_RTT_1214,56
ZEROMQ_RAW_RTT_1215,57
ZEROMQ_RAW_RTT_1216,58
ZEROMQ_RAW_RTT_1217,57
ZEROMQ_RAW_RTT_1218,57
ZEROMQ_RAW_RTT_1219,57
ZEROMQ_RAW_RTT_1220,56
ZEROMQ_RAW_RTT_1221,56
ZEROMQ_RAW_RTT_1222,56
ZEROMQ_RAW_RTT_1223,56
ZEROMQ_RAW_RTT_1224,56
ZEROMQ_RAW_RTT_1225,57
ZEROMQ_RAW_RTT_1226,57
ZEROMQ_RAW_RTT_1227,56
ZEROMQ_RAW_RTT_1228,57
ZEROMQ_RAW_RTT_1229,56
ZEROMQ_RAW_RTT_1230,57
ZEROMQ_RAW_RTT_1231,55
ZEROMQ_RAW_RTT_1232,57
ZEROMQ_RAW_RTT_1233,56
ZEROMQ_RAW_RTT_1234,57
ZEROMQ_RAW_RTT_1235,56
ZEROMQ_RAW_RTT_1236,56
ZEROMQ_RAW_RTT_1237,58
ZEROMQ_RAW_RTT_1238,57
ZEROMQ_RAW_RTT_1239,57
ZEROMQ_RAW_RTT_1240,56
ZEROMQ_RAW_RTT_1241,58
ZEROMQ_RAW_RTT_1242,57
ZEROMQ_RAW_RTT_1243,57
ZEROMQ_RAW_RTT_1244,58
ZEROMQ_RAW_RTT_1245,56
ZEROMQ_RAW_RTT_1246,57
ZEROMQ_RAW_RTT_1247,57
ZEROMQ_RAW_RTT_1248,56
ZEROMQ_RAW_RTT_1249,57
ZEROMQ_RAW_RTT_1250,56
ZEROMQ_RAW_RTT_1251,57
ZEROMQ_RAW_RTT_1252,57
ZEROMQ_RAW_RTT_1253,59
ZEROMQ_RAW_RTT_1254,58
ZEROMQ_RAW_RTT_1255,57
ZEROMQ_RAW_RTT_1256,58
ZEROMQ_RAW_RTT_1257,55
ZEROMQ_RAW_RTT_1258,58
ZEROMQ_RAW_RTT_1259,58
ZEROMQ_RAW_RTT_1260,59
ZEROMQ_RAW_RTT_1261,56
ZEROMQ_RAW_RTT_1262,58
ZEROMQ_RAW_RTT_1263,57
ZEROMQ_RAW_RTT_1264,57
ZEROMQ_RAW_RTT_1265,56
ZEROMQ_RAW_RTT_1266,58
ZEROMQ_RAW_RTT_1267,56
ZEROMQ_RAW_RTT_1268,57
ZEROMQ_RAW_RTT_1269,57
ZEROMQ_RAW_RTT_1270,57
ZEROMQ_RAW_RTT_1271,57
ZEROMQ_RAW_RTT_1272,58
ZEROMQ_RAW_RTT_1273,57
ZEROMQ_RAW_RTT_1274,57
ZEROMQ_RAW_RTT_1275,56
ZEROMQ_RAW_RTT_1276,57
ZEROMQ_RAW_RTT_1277,58
ZEROMQ_RAW_RTT_1278,59
ZEROMQ_RAW_RTT_1279,55
ZEROMQ_RAW_RTT_1280,57
ZEROMQ_RAW_RTT_1281,55
ZEROMQ_RAW_RTT_1282,56
ZEROMQ_RAW_RTT_1283,57
ZEROMQ_RAW_RTT_1284,57
ZEROMQ_RAW_RTT_1285,56
ZEROMQ_RAW_RTT_1286,56
ZEROMQ_RAW_RTT_1287,56
ZEROMQ_RAW_RTT_1288,58
ZEROMQ_RAW_RTT_1289,57
ZEROMQ_RAW_RTT_1290,56
ZEROMQ_RAW_RTT_1291,57
ZEROMQ_RAW_RTT_1292,56
ZEROMQ_RAW_RTT_1293,59
ZEROMQ_RAW_RTT_1294,57
ZEROMQ_RAW_RTT_1295,57
ZEROMQ_RAW_RTT_1296,56
ZEROMQ_RAW_RTT_1297,57
ZEROMQ_RAW_RTT_1298,57
ZEROMQ_RAW_RTT_1299,57
ZEROMQ_RAW_RTT_1300,56
ZEROMQ_RAW_RTT_1301,57
ZEROMQ_RAW_RTT_1302,58
ZEROMQ_RAW_RTT_1303,57
ZEROMQ_RAW_RTT_1304,57
ZEROMQ_RAW_RTT_1305,57
ZEROMQ_RAW_RTT_1306,57
ZEROMQ_RAW_RTT_1307,57
ZEROMQ_RAW_RTT_1308,57
ZEROMQ_RAW_RTT_1309,57
ZEROMQ_RAW_RTT_1310,56
ZEROMQ_RAW_RTT_1311,58
ZEROMQ_RAW_RTT_1312,56
ZEROMQ_RAW_RTT_1313,57
ZEROMQ_RAW_RTT_1314,56
ZEROMQ_RAW_RTT_1315,56
ZEROMQ_RAW_RTT_1316,57
ZEROMQ_RAW_RTT_1317,56
ZEROMQ_RAW_RTT_1318,57
ZEROMQ_RAW_RTT_1319,56
ZEROMQ_RAW_RTT_1320,57
ZEROMQ_RAW_RTT_1321,56
ZEROMQ_RAW_RTT_1322,58
ZEROMQ_RAW_RTT_1323,56
ZEROMQ_RAW_RTT_1324,57
ZEROMQ_RAW_RTT_1325,56
ZEROMQ_RAW_RTT_1326,56
ZEROMQ_RAW_RTT_1327,58
ZEROMQ_RAW_RTT_1328,58
ZEROMQ_RAW_RTT_1329,57
ZEROMQ_RAW_RTT_1330,58
ZEROMQ_RAW_RTT_1331,57
ZEROMQ_RAW_RTT_1332,57
ZEROMQ_RAW_RTT_1333,56
ZEROMQ_RAW_RTT_1334,57
ZEROMQ_RAW_RTT_1335,57
ZEROMQ_RAW_RTT_1336,58
ZEROMQ_RAW_RTT_1337,57
ZEROMQ_RAW_RTT_1338,58
ZEROMQ_RAW_RTT_1339,57
ZEROMQ_RAW_RTT_1340,57
ZEROMQ_RAW_RTT_1341,59
ZEROMQ_RAW_RTT_1342,57
ZEROMQ_RAW_RTT_1343,56
ZEROMQ_RAW_RTT_1344,60
ZEROMQ_RAW_RTT_1345,57
ZEROMQ_RAW_RTT_1346,56
ZEROMQ_RAW_RTT_1347,57
ZEROMQ_RAW_RTT_1348,57
ZEROMQ_RAW_RTT_1349,57
ZEROMQ_RAW_RTT_1350,56
ZEROMQ_RAW_RTT_1351,57
ZEROMQ_RAW_RTT_1352,56
ZEROMQ_RAW_RTT_1353,56
ZEROMQ_RAW_RTT_1354,57
ZEROMQ_RAW_RTT_1355,56
ZEROMQ_RAW_RTT_1356,57
ZEROMQ_RAW_RTT_1357,57
ZEROMQ_RAW_RTT_1358,58
ZEROMQ_RAW_RTT_1359,57
ZEROMQ_RAW_RTT_1360,56
ZEROMQ_RAW_RTT_1361,57
ZEROMQ_RAW_RTT_1362,58
ZEROMQ_RAW_RTT_1363,56
ZEROMQ_RAW_RTT_1364,56
ZEROMQ_RAW_RTT_1365,58
ZEROMQ_RAW_RTT_1366,57
ZEROMQ_RAW_RTT_1367,57
ZEROMQ_RAW_RTT_1368,57
ZEROMQ_RAW_RTT_1369,57
ZEROMQ_RAW_RTT_1370,57
ZEROMQ_RAW_RTT_1371,57
ZEROMQ_RAW_RTT_1372,57
ZEROMQ_RAW_RTT_1373,57
ZEROMQ_RAW_RTT_1374,58
ZEROMQ_RAW_RTT_1375,58
ZEROMQ_RAW_RTT_1376,57
ZEROMQ_RAW_RTT_1377,56
ZEROMQ_RAW_RTT_1378,57
ZEROMQ_RAW_RTT_1379,57
ZEROMQ_RAW_RTT_1380,56
ZEROMQ_RAW_RTT_1381,56
ZEROMQ_RAW_RTT_1382,57
ZEROMQ_RAW_RTT_1383,57
ZEROMQ_RAW_RTT_1384,57
ZEROMQ_RAW_RTT_1385,57
ZEROMQ_RAW_RTT_1386,56
ZEROMQ_RAW_RTT_1387,58
ZEROMQ_RAW_RTT_1388,58
ZEROMQ_RAW_RTT_1389,57
ZEROMQ_RAW_RTT_1390,59
ZEROMQ_RAW_RTT_1391,57
ZEROMQ_RAW_RTT_1392,57
ZEROMQ_RAW_RTT_1393,56
ZEROMQ_RAW_RTT_1394,56
ZEROMQ_RAW_RTT_1395,57
ZEROMQ_RAW_RTT_1396,57
ZEROMQ_RAW_RTT_1397,56
ZEROMQ_RAW_RTT_1398,57
ZEROMQ_RAW_RTT_1399,58
ZEROMQ_RAW_RTT_1400,57
ZEROMQ_RAW_RTT_1401,57
ZEROMQ_RAW_RTT_1402,58
ZEROMQ_RAW_RTT_1403,56
ZEROMQ_RAW_RTT_1404,57
ZEROMQ_RAW_RTT_1405,62
ZEROMQ_RAW_RTT_1406,58
ZEROMQ_RAW_RTT_1407,58
ZEROMQ_RAW_RTT_1408,59
ZEROMQ_RAW_RTT_1409,57
ZEROMQ_RAW_RTT_1410,58
ZEROMQ_RAW_RTT_1411,59
ZEROMQ_RAW_RTT_1412,60
ZEROMQ_RAW_RTT_1413,57
ZEROMQ_RAW_RTT_1414,57
ZEROMQ_RAW_RTT_1415,57
ZEROMQ_RAW_RTT_1416,57
ZEROMQ_RAW_RTT_1417,57
ZEROMQ_RAW_RTT_1418,63
ZEROMQ_RAW_RTT_1419,57
ZEROMQ_RAW_RTT_1420,58
ZEROMQ_RAW_RTT_1421,57
ZEROMQ_RAW_RTT_1422,59
ZEROMQ_RAW_RTT_1423,58
ZEROMQ_RAW_RTT_1424,58
ZEROMQ_RAW_RTT_1425,56
ZEROMQ_RAW_RTT_1426,58
ZEROMQ_RAW_RTT_1427,57
ZEROMQ_RAW_RTT_1428,56
ZEROMQ_RAW_RTT_1429,57
ZEROMQ_RAW_RTT_1430,58
ZEROMQ_RAW_RTT_1431,58
ZEROMQ_RAW_RTT_1432,58
ZEROMQ_RAW_RTT_1433,57
ZEROMQ_RAW_RTT_1434,56
ZEROMQ_RAW_RTT_1435,57
ZEROMQ_RAW_RTT_1436,57
ZEROMQ_RAW_RTT_1437,56
ZEROMQ_RAW_RTT_1438,57
ZEROMQ_RAW_RTT_1439,60
ZEROMQ_RAW_RTT_1440,57
ZEROMQ_RAW_RTT_1441,58
ZEROMQ_RAW_RTT_1442,58
ZEROMQ_RAW_RTT_1443,58
ZEROMQ_RAW_RTT_1444,58
ZEROMQ_RAW_RTT_1445,57
ZEROMQ_RAW_RTT_1446,57
ZEROMQ_RAW_RTT_1447,57
ZEROMQ_RAW_RTT_1448,56
ZEROMQ_RAW_RTT_1449,58
ZEROMQ_RAW_RTT_1450,57
ZEROMQ_RAW_RTT_1451,57
ZEROMQ_RAW_RTT_1452,59
ZEROMQ_RAW_RTT_1453,56
ZEROMQ_RAW_RTT_1454,57
ZEROMQ_RAW_RTT_1455,57
ZEROMQ_RAW_RTT_1456,57
ZEROMQ_RAW_RTT_1457,56
ZEROMQ_RAW_RTT_1458,57
ZEROMQ_RAW_RTT_1459,57
ZEROMQ_RAW_RTT_1460,58
ZEROMQ_RAW_RTT_1461,56
ZEROMQ_RAW_RTT_1462,56
ZEROMQ_RAW_RTT_1463,1678
ZEROMQ_RAW_RTT_1464,626
ZEROMQ_RAW_RTT_1465,933
ZEROMQ_RAW_RTT_1466,1821
ZEROMQ_RAW_RTT_1467,1882
ZEROMQ_RAW_RTT_1468,1890
ZEROMQ_RAW_RTT_1469,943
ZEROMQ_RAW_RTT_1470,91
ZEROMQ_RAW_RTT_1471,70
ZEROMQ_RAW_RTT_1472,68
ZEROMQ_RAW_RTT_1473,68
ZEROMQ_RAW_RTT_1474,69
ZEROMQ_RAW_RTT_1475,70
ZEROMQ_RAW_RTT_1476,68
ZEROMQ_RAW_RTT_1477,69
ZEROMQ_RAW_RTT_1478,62
ZEROMQ_RAW_RTT_1479,70
ZEROMQ_RAW_RTT_1480,69
ZEROMQ_RAW_RTT_1481,70
ZEROMQ_RAW_RTT_1482,68
ZEROMQ_RAW_RTT_1483,67
ZEROMQ_RAW_RTT_1484,68
ZEROMQ_RAW_RTT_1485,67
ZEROMQ_RAW_RTT_1486,66
ZEROMQ_RAW_RTT_1487,63
ZEROMQ_RAW_RTT_1488,71
ZEROMQ_RAW_RTT_1489,70
ZEROMQ_RAW_RTT_1490,68
ZEROMQ_RAW_RTT_1491,70
ZEROMQ_RAW_RTT_1492,66
ZEROMQ_RAW_RTT_1493,72
ZEROMQ_RAW_RTT_1494,71
ZEROMQ_RAW_RTT_1495,68
ZEROMQ_RAW_RTT_1496,70
ZEROMQ_RAW_RTT_1497,69
ZEROMQ_RAW_RTT_1498,64
ZEROMQ_RAW_RTT_1499,65
ZEROMQ_RAW_RTT_1500,68
ZEROMQ_RAW_RTT_1501,67
ZEROMQ_RAW_RTT_1502,65
ZEROMQ_RAW_RTT_1503,69
ZEROMQ_RAW_RTT_1504,66
ZEROMQ_RAW_RTT_1505,69
ZEROMQ_RAW_RTT_1506,63
ZEROMQ_RAW_RTT_1507,61
ZEROMQ_RAW_RTT_1508,65
ZEROMQ_RAW_RTT_1509,67
ZEROMQ_RAW_RTT_1510,69
ZEROMQ_RAW_RTT_1511,68
ZEROMQ_RAW_RTT_1512,63
ZEROMQ_RAW_RTT_1513,67
ZEROMQ_RAW_RTT_1514,71
ZEROMQ_RAW_RTT_1515,69
ZEROMQ_RAW_RTT_1516,68
ZEROMQ_RAW_RTT_1517,68
ZEROMQ_RAW_RTT_1518,69
ZEROMQ_RAW_RTT_1519,61
ZEROMQ_RAW_RTT_1520,71
ZEROMQ_RAW_RTT_1521,66
ZEROMQ_RAW_RTT_1522,70
ZEROMQ_RAW_RTT_1523,67
ZEROMQ_RAW_RTT_1524,68
ZEROMQ_RAW_RTT_1525,66
ZEROMQ_RAW_RTT_1526,64
ZEROMQ_RAW_RTT_1527,62
ZEROMQ_RAW_RTT_1528,63
ZEROMQ_RAW_RTT_1529,62
ZEROMQ_RAW_RTT_1530,65
ZEROMQ_RAW_RTT_1531,63
ZEROMQ_RAW_RTT_1532,66
ZEROMQ_RAW_RTT_1533,60
ZEROMQ_RAW_RTT_1534,67
ZEROMQ_RAW_RTT_1535,73
ZEROMQ_RAW_RTT_1536,70
ZEROMQ_RAW_RTT_1537,69
ZEROMQ_RAW_RTT_1538,67
ZEROMQ_RAW_RTT_1539,68
ZEROMQ_RAW_RTT_1540,70
ZEROMQ_RAW_RTT_1541,73
ZEROMQ_RAW_RTT_1542,71
ZEROMQ_RAW_RTT_1543,66
ZEROMQ_RAW_RTT_1544,64
ZEROMQ_RAW_RTT_1545,67
ZEROMQ_RAW_RTT_1546,71
ZEROMQ_RAW_RTT_1547,68
ZEROMQ_RAW_RTT_1548,69
ZEROMQ_RAW_RTT_1549,83
ZEROMQ_RAW_RTT_1550,71
ZEROMQ_RAW_RTT_1551,68
ZEROMQ_RAW_RTT_1552,72
ZEROMQ_RAW_RTT_1553,69
ZEROMQ_RAW_RTT_1554,72
ZEROMQ_RAW_RTT_1555,69
ZEROMQ_RAW_RTT_1556,71
ZEROMQ_RAW_RTT_1557,74
ZEROMQ_RAW_RTT_1558,70
ZEROMQ_RAW_RTT_1559,70
ZEROMQ_RAW_RTT_1560,69
ZEROMQ_RAW_RTT_1561,70
ZEROMQ_RAW_RTT_1562,64
ZEROMQ_RAW_RTT_1563,69
ZEROMQ_RAW_RTT_1564,73
ZEROMQ_RAW_RTT_1565,70
ZEROMQ_RAW_RTT_1566,69
ZEROMQ_RAW_RTT_1567,69
ZEROMQ_RAW_RTT_1568,69
ZEROMQ_RAW_RTT_1569,74
ZEROMQ_RAW_RTT_1570,68
ZEROMQ_RAW_RTT_1571,72
ZEROMQ_RAW_RTT_1572,70
ZEROMQ_RAW_RTT_1573,69
ZEROMQ_RAW_RTT_1574,72
ZEROMQ_RAW_RTT_1575,70
ZEROMQ_RAW_RTT_1576,70
ZEROMQ_RAW_RTT_1577,69
ZEROMQ_RAW_RTT_1578,69
ZEROMQ_RAW_RTT_1579,69
ZEROMQ_RAW_RTT_1580,73
ZEROMQ_RAW_RTT_1581,68
ZEROMQ_RAW_RTT_1582,71
ZEROMQ_RAW_RTT_1583,71
ZEROMQ_RAW_RTT_1584,71
ZEROMQ_RAW_RTT_1585,75
ZEROMQ_RAW_RTT_1586,72
ZEROMQ_RAW_RTT_1587,68
ZEROMQ_RAW_RTT_1588,69
ZEROMQ_RAW_RTT_1589,70
ZEROMQ_RAW_RTT_1590,73
ZEROMQ_RAW_RTT_1591,70
ZEROMQ_RAW_RTT_1592,74
ZEROMQ_RAW_RTT_1593,72
ZEROMQ_RAW_RTT_1594,70
ZEROMQ_RAW_RTT_1595,71
ZEROMQ_RAW_RTT_1596,70
ZEROMQ_RAW_RTT_1597,73
ZEROMQ_RAW_RTT_1598,85
ZEROMQ_RAW_RTT_1599,77
ZEROMQ_RAW_RTT_1600,78
ZEROMQ_RAW_RTT_1601,64
ZEROMQ_RAW_RTT_1602,65
ZEROMQ_RAW_RTT_1603,71
ZEROMQ_RAW_RTT_1604,69
ZEROMQ_RAW_RTT_1605,76
ZEROMQ_RAW_RTT_1606,75
ZEROMQ_RAW_RTT_1607,72
ZEROMQ_RAW_RTT_1608,71
ZEROMQ_RAW_RTT_1609,63
ZEROMQ_RAW_RTT_1610,69
ZEROMQ_RAW_RTT_1611,72
ZEROMQ_RAW_RTT_1612,70
ZEROMQ_RAW_RTT_1613,69
ZEROMQ_RAW_RTT_1614,59
ZEROMQ_RAW_RTT_1615,73
ZEROMQ_RAW_RTT_1616,69
ZEROMQ_RAW_RTT_1617,71
ZEROMQ_RAW_RTT_1618,70
ZEROMQ_RAW_RTT_1619,69
ZEROMQ_RAW_RTT_1620,70
ZEROMQ_RAW_RTT_1621,69
ZEROMQ_RAW_RTT_1622,76
ZEROMQ_RAW_RTT_1623,71
ZEROMQ_RAW_RTT_1624,70
ZEROMQ_RAW_RTT_1625,72
ZEROMQ_RAW_RTT_1626,67
ZEROMQ_RAW_RTT_1627,76
ZEROMQ_RAW_RTT_1628,71
ZEROMQ_RAW_RTT_1629,69
ZEROMQ_RAW_RTT_1630,71
ZEROMQ_RAW_RTT_1631,71
ZEROMQ_RAW_RTT_1632,72
ZEROMQ_RAW_RTT_1633,59
ZEROMQ_RAW_RTT_1634,77
ZEROMQ_RAW_RTT_1635,76
ZEROMQ_RAW_RTT_1636,66
ZEROMQ_RAW_RTT_1637,69
ZEROMQ_RAW_RTT_1638,69
ZEROMQ_RAW_RTT_1639,70
ZEROMQ_RAW_RTT_1640,70
ZEROMQ_RAW_RTT_1641,68
ZEROMQ_RAW_RTT_1642,74
ZEROMQ_RAW_RTT_1643,69
ZEROMQ_RAW_RTT_1644,73
ZEROMQ_RAW_RTT_1645,69
ZEROMQ_RAW_RTT_1646,71
ZEROMQ_RAW_RTT_1647,68
ZEROMQ_RAW_RTT_1648,73
ZEROMQ_RAW_RTT_1649,72
ZEROMQ_RAW_RTT_1650,69
ZEROMQ_RAW_RTT_1651,71
ZEROMQ_RAW_RTT_1652,72
ZEROMQ_RAW_RTT_1653,71
ZEROMQ_RAW_RTT_1654,66
ZEROMQ_RAW_RTT_1655,70
ZEROMQ_RAW_RTT_1656,70
ZEROMQ_RAW_RTT_1657,70
ZEROMQ_RAW_RTT_1658,69
ZEROMQ_RAW_RTT_1659,70
ZEROMQ_RAW_RTT_1660,69
ZEROMQ_RAW_RTT_1661,69
ZEROMQ_RAW_RTT_1662,69
ZEROMQ_RAW_RTT_1663,62
ZEROMQ_RAW_RTT_1664,62
ZEROMQ_RAW_RTT_1665,72
ZEROMQ_RAW_RTT_1666,72
ZEROMQ_RAW_RTT_1667,67
ZEROMQ_RAW_RTT_1668,80
ZEROMQ_RAW_RTT_1669,72
ZEROMQ_RAW_RTT_1670,70
ZEROMQ_RAW_RTT_1671,73
ZEROMQ_RAW_RTT_1672,71
ZEROMQ_RAW_RTT_1673,68
ZEROMQ_RAW_RTT_1674,69
ZEROMQ_RAW_RTT_1675,70
ZEROMQ_RAW_RTT_1676,68
ZEROMQ_RAW_RTT_1677,73
ZEROMQ_RAW_RTT_1678,71
ZEROMQ_RAW_RTT_1679,65
ZEROMQ_RAW_RTT_1680,72
ZEROMQ_RAW_RTT_1681,67
ZEROMQ_RAW_RTT_1682,72
ZEROMQ_RAW_RTT_1683,70
ZEROMQ_RAW_RTT_1684,71
ZEROMQ_RAW_RTT_1685,65
ZEROMQ_RAW_RTT_1686,70
ZEROMQ_RAW_RTT_1687,74
ZEROMQ_RAW_RTT_1688,72
ZEROMQ_RAW_RTT_1689,71
ZEROMQ_RAW_RTT_1690,69
ZEROMQ_RAW_RTT_1691,68
ZEROMQ_RAW_RTT_1692,70
ZEROMQ_RAW_RTT_1693,62
ZEROMQ_RAW_RTT_1694,71
ZEROMQ_RAW_RTT_1695,72
ZEROMQ_RAW_RTT_1696,70
ZEROMQ_RAW_RTT_1697,71
ZEROMQ_RAW_RTT_1698,68
ZEROMQ_RAW_RTT_1699,71
ZEROMQ_RAW_RTT_1700,69
ZEROMQ_RAW_RTT_1701,70
ZEROMQ_RAW_RTT_1702,64
ZEROMQ_RAW_RTT_1703,71
ZEROMQ_RAW_RTT_1704,68
ZEROMQ_RAW_RTT_1705,72
ZEROMQ_RAW_RTT_1706,72
ZEROMQ_RAW_RTT_1707,69
ZEROMQ_RAW_RTT_1708,69
ZEROMQ_RAW_RTT_1709,69
ZEROMQ_RAW_RTT_1710,72
ZEROMQ_RAW_RTT_1711,67
ZEROMQ_RAW_RTT_1712,72
ZEROMQ_RAW_RTT_1713,71
ZEROMQ_RAW_RTT_1714,70
ZEROMQ_RAW_RTT_1715,70
ZEROMQ_RAW_RTT_1716,70
ZEROMQ_RAW_RTT_1717,70
ZEROMQ_RAW_RTT_1718,72
ZEROMQ_RAW_RTT_1719,69
ZEROMQ_RAW_RTT_1720,72
ZEROMQ_RAW_RTT_1721,62
ZEROMQ_RAW_RTT_1722,70
ZEROMQ_RAW_RTT_1723,70
ZEROMQ_RAW_RTT_1724,68
ZEROMQ_RAW_RTT_1725,67
ZEROMQ_RAW_RTT_1726,69
ZEROMQ_RAW_RTT_1727,69
ZEROMQ_RAW_RTT_1728,71
ZEROMQ_RAW_RTT_1729,69
ZEROMQ_RAW_RTT_1730,73
ZEROMQ_RAW_RTT_1731,70
ZEROMQ_RAW_RTT_1732,71
ZEROMQ_RAW_RTT_1733,73
ZEROMQ_RAW_RTT_1734,69
ZEROMQ_RAW_RTT_1735,69
ZEROMQ_RAW_RTT_1736,67
ZEROMQ_RAW_RTT_1737,73
ZEROMQ_RAW_RTT_1738,70
ZEROMQ_RAW_RTT_1739,69
ZEROMQ_RAW_RTT_1740,71
ZEROMQ_RAW_RTT_1741,72
ZEROMQ_RAW_RTT_1742,73
ZEROMQ_RAW_RTT_1743,69
ZEROMQ_RAW_RTT_1744,70
ZEROMQ_RAW_RTT_1745,70
ZEROMQ_RAW_RTT_1746,73
ZEROMQ_RAW_RTT_1747,64
ZEROMQ_RAW_RTT_1748,72
ZEROMQ_RAW_RTT_1749,69
ZEROMQ_RAW_RTT_1750,70
ZEROMQ_RAW_RTT_1751,65
ZEROMQ_RAW_RTT_1752,72
ZEROMQ_RAW_RTT_1753,69
ZEROMQ_RAW_RTT_1754,69
ZEROMQ_RAW_RTT_1755,71
ZEROMQ_RAW_RTT_1756,73
ZEROMQ_RAW_RTT_1757,67
ZEROMQ_RAW_RTT_1758,70
ZEROMQ_RAW_RTT_1759,70
ZEROMQ_RAW_RTT_1760,64
ZEROMQ_RAW_RTT_1761,73
ZEROMQ_RAW_RTT_1762,71
ZEROMQ_RAW_RTT_1763,69
ZEROMQ_RAW_RTT_1764,69
ZEROMQ_RAW_RTT_1765,72
ZEROMQ_RAW_RTT_1766,68
ZEROMQ_RAW_RTT_1767,68
ZEROMQ_RAW_RTT_1768,67
ZEROMQ_RAW_RTT_1769,74
ZEROMQ_RAW_RTT_1770,68
ZEROMQ_RAW_RTT_1771,70
ZEROMQ_RAW_RTT_1772,70
ZEROMQ_RAW_RTT_1773,69
ZEROMQ_RAW_RTT_1774,68
ZEROMQ_RAW_RTT_1775,69
ZEROMQ_RAW_RTT_1776,68
ZEROMQ_RAW_RTT_1777,67
ZEROMQ_RAW_RTT_1778,69
ZEROMQ_RAW_RTT_1779,65
ZEROMQ_RAW_RTT_1780,72
ZEROMQ_RAW_RTT_1781,71
ZEROMQ_RAW_RTT_1782,69
ZEROMQ_RAW_RTT_1783,58
ZEROMQ_RAW_RTT_1784,66
ZEROMQ_RAW_RTT_1785,65
ZEROMQ_RAW_RTT_1786,68
ZEROMQ_RAW_RTT_1787,70
ZEROMQ_RAW_RTT_1788,72
ZEROMQ_RAW_RTT_1789,70
ZEROMQ_RAW_RTT_1790,69
ZEROMQ_RAW_RTT_1791,72
ZEROMQ_RAW_RTT_1792,65
ZEROMQ_RAW_RTT_1793,68
ZEROMQ_RAW_RTT_1794,70
ZEROMQ_RAW_RTT_1795,68
ZEROMQ_RAW_RTT_1796,70
ZEROMQ_RAW_RTT_1797,75
ZEROMQ_RAW_RTT_1798,70
ZEROMQ_RAW_RTT_1799,67
ZEROMQ_RAW_RTT_1800,71
ZEROMQ_RAW_RTT_1801,74
ZEROMQ_RAW_RTT_1802,69
ZEROMQ_RAW_RTT_1803,75
ZEROMQ_RAW_RTT_1804,70
ZEROMQ_RAW_RTT_1805,67
ZEROMQ_RAW_RTT_1806,64
ZEROMQ_RAW_RTT_1807,71
ZEROMQ_RAW_RTT_1808,67
ZEROMQ_RAW_RTT_1809,69
ZEROMQ_RAW_RTT_1810,70
ZEROMQ_RAW_RTT_1811,67
ZEROMQ_RAW_RTT_1812,69
ZEROMQ_RAW_RTT_1813,70
ZEROMQ_RAW_RTT_1814,72
ZEROMQ_RAW_RTT_1815,69
ZEROMQ_RAW_RTT_1816,70
ZEROMQ_RAW_RTT_1817,69
ZEROMQ_RAW_RTT_1818,70
ZEROMQ_RAW_RTT_1819,73
ZEROMQ_RAW_RTT_1820,70
ZEROMQ_RAW_RTT_1821,70
ZEROMQ_RAW_RTT_1822,70
ZEROMQ_RAW_RTT_1823,74
ZEROMQ_RAW_RTT_1824,73
ZEROMQ_RAW_RTT_1825,73
ZEROMQ_RAW_RTT_1826,71
ZEROMQ_RAW_RTT_1827,71
ZEROMQ_RAW_RTT_1828,71
ZEROMQ_RAW_RTT_1829,70
ZEROMQ_RAW_RTT_1830,68
ZEROMQ_RAW_RTT_1831,70
ZEROMQ_RAW_RTT_1832,68
ZEROMQ_RAW_RTT_1833,71
ZEROMQ_RAW_RTT_1834,70
ZEROMQ_RAW_RTT_1835,67
ZEROMQ_RAW_RTT_1836,70
ZEROMQ_RAW_RTT_1837,70
ZEROMQ_RAW_RTT_1838,70
ZEROMQ_RAW_RTT_1839,69
ZEROMQ_RAW_RTT_1840,70
ZEROMQ_RAW_RTT_1841,73
ZEROMQ_RAW_RTT_1842,65
ZEROMQ_RAW_RTT_1843,71
ZEROMQ_RAW_RTT_1844,67
ZEROMQ_RAW_RTT_1845,65
ZEROMQ_RAW_RTT_1846,70
ZEROMQ_RAW_RTT_1847,70
ZEROMQ_RAW_RTT_1848,65
ZEROMQ_RAW_RTT_1849,69
ZEROMQ_RAW_RTT_1850,60
ZEROMQ_RAW_RTT_1851,72
ZEROMQ_RAW_RTT_1852,74
ZEROMQ_RAW_RTT_1853,72
ZEROMQ_RAW_RTT_1854,72
ZEROMQ_RAW_RTT_1855,71
ZEROMQ_RAW_RTT_1856,71
ZEROMQ_RAW_RTT_1857,72
ZEROMQ_RAW_RTT_1858,74
ZEROMQ_RAW_RTT_1859,69
ZEROMQ_RAW_RTT_1860,71
ZEROMQ_RAW_RTT_1861,69
ZEROMQ_RAW_RTT_1862,69
ZEROMQ_RAW_RTT_1863,76
ZEROMQ_RAW_RTT_1864,71
ZEROMQ_RAW_RTT_1865,69
ZEROMQ_RAW_RTT_1866,67
ZEROMQ_RAW_RTT_1867,69
ZEROMQ_RAW_RTT_1868,71
ZEROMQ_RAW_RTT_1869,70
ZEROMQ_RAW_RTT_1870,69
ZEROMQ_RAW_RTT_1871,71
ZEROMQ_RAW_RTT_1872,69
ZEROMQ_RAW_RTT_1873,69
ZEROMQ_RAW_RTT_1874,71
ZEROMQ_RAW_RTT_1875,72
ZEROMQ_RAW_RTT_1876,70
ZEROMQ_RAW_RTT_1877,80
ZEROMQ_RAW_RTT_1878,70
ZEROMQ_RAW_RTT_1879,69
ZEROMQ_RAW_RTT_1880,65
ZEROMQ_RAW_RTT_1881,70
ZEROMQ_RAW_RTT_1882,68
ZEROMQ_RAW_RTT_1883,69
ZEROMQ_RAW_RTT_1884,69
ZEROMQ_RAW_RTT_1885,70
ZEROMQ_RAW_RTT_1886,70
ZEROMQ_RAW_RTT_1887,69
ZEROMQ_RAW_RTT_1888,70
ZEROMQ_RAW_RTT_1889,67
ZEROMQ_RAW_RTT_1890,72
ZEROMQ_RAW_RTT_1891,69
ZEROMQ_RAW_RTT_1892,69
ZEROMQ_RAW_RTT_1893,70
ZEROMQ_RAW_RTT_1894,74
ZEROMQ_RAW_RTT_1895,69
ZEROMQ_RAW_RTT_1896,65
ZEROMQ_RAW_RTT_1897,80
ZEROMQ_RAW_RTT_1898,70
ZEROMQ_RAW_RTT_1899,65
ZEROMQ_RAW_RTT_1900,66
ZEROMQ_RAW_RTT_1901,70
ZEROMQ_RAW_RTT_1902,71
ZEROMQ_RAW_RTT_1903,72
ZEROMQ_RAW_RTT_1904,62
ZEROMQ_RAW_RTT_1905,72
ZEROMQ_RAW_RTT_1906,70
ZEROMQ_RAW_RTT_1907,71
ZEROMQ_RAW_RTT_1908,72
ZEROMQ_RAW_RTT_1909,67
ZEROMQ_RAW_RTT_1910,70
ZEROMQ_RAW_RTT_1911,72
ZEROMQ_RAW_RTT_1912,72
ZEROMQ_RAW_RTT_1913,71
ZEROMQ_RAW_RTT_1914,70
ZEROMQ_RAW_RTT_1915,69
ZEROMQ_RAW_RTT_1916,70
ZEROMQ_RAW_RTT_1917,73
ZEROMQ_RAW_RTT_1918,70
ZEROMQ_RAW_RTT_1919,70
ZEROMQ_RAW_RTT_1920,69
ZEROMQ_RAW_RTT_1921,67
ZEROMQ_RAW_RTT_1922,69
ZEROMQ_RAW_RTT_1923,73
ZEROMQ_RAW_RTT_1924,71
ZEROMQ_RAW_RTT_1925,71
ZEROMQ_RAW_RTT_1926,75
ZEROMQ_RAW_RTT_1927,70
ZEROMQ_RAW_RTT_1928,72
ZEROMQ_RAW_RTT_1929,70
ZEROMQ_RAW_RTT_1930,68
ZEROMQ_RAW_RTT_1931,76
ZEROMQ_RAW_RTT_1932,71
ZEROMQ_RAW_RTT_1933,70
ZEROMQ_RAW_RTT_1934,74
ZEROMQ_RAW_RTT_1935,69
ZEROMQ_RAW_RTT_1936,72
ZEROMQ_RAW_RTT_1937,75
ZEROMQ_RAW_RTT_1938,64
ZEROMQ_RAW_RTT_1939,72
ZEROMQ_RAW_RTT_1940,70
ZEROMQ_RAW_RTT_1941,70
ZEROMQ_RAW_RTT_1942,71
ZEROMQ_RAW_RTT_1943,69
ZEROMQ_RAW_RTT_1944,71
ZEROMQ_RAW_RTT_1945,70
ZEROMQ_RAW_RTT_1946,72
ZEROMQ_RAW_RTT_1947,71
ZEROMQ_RAW_RTT_1948,70
ZEROMQ_RAW_RTT_1949,63
ZEROMQ_RAW_RTT_1950,72
ZEROMQ_RAW_RTT_1951,70
ZEROMQ_RAW_RTT_1952,72
ZEROMQ_RAW_RTT_1953,70
ZEROMQ_RAW_RTT_1954,66
ZEROMQ_RAW_RTT_1955,73
ZEROMQ_RAW_RTT_1956,72
ZEROMQ_RAW_RTT_1957,71
ZEROMQ_RAW_RTT_1958,71
ZEROMQ_RAW_RTT_1959,74
ZEROMQ_RAW_RTT_1960,70
ZEROMQ_RAW_RTT_1961,72
ZEROMQ_RAW_RTT_1962,70
ZEROMQ_RAW_RTT_1963,63
ZEROMQ_RAW_RTT_1964,73
ZEROMQ_RAW_RTT_1965,74
ZEROMQ_RAW_RTT_1966,71
ZEROMQ_RAW_RTT_1967,69
ZEROMQ_RAW_RTT_1968,70
ZEROMQ_RAW_RTT_1969,71
ZEROMQ_RAW_RTT_1970,70
ZEROMQ_RAW_RTT_1971,72
ZEROMQ_RAW_RTT_1972,72
ZEROMQ_RAW_RTT_1973,70
ZEROMQ_RAW_RTT_1974,70
ZEROMQ_RAW_RTT_1975,69
ZEROMQ_RAW_RTT_1976,70
ZEROMQ_RAW_RTT_1977,71
ZEROMQ_RAW_RTT_1978,70
ZEROMQ_RAW_RTT_1979,69
ZEROMQ_RAW_RTT_1980,70
ZEROMQ_RAW_RTT_1981,74
ZEROMQ_RAW_RTT_1982,71
ZEROMQ_RAW_RTT_1983,69
ZEROMQ_RAW_RTT_1984,59
ZEROMQ_RAW_RTT_1985,71
ZEROMQ_RAW_RTT_1986,72
ZEROMQ_RAW_RTT_1987,71
ZEROMQ_RAW_RTT_1988,66
ZEROMQ_RAW_RTT_1989,73
ZEROMQ_RAW_RTT_1990,70
ZEROMQ_RAW_RTT_1991,70
ZEROMQ_RAW_RTT_1992,69
ZEROMQ_RAW_RTT_1993,71
ZEROMQ_RAW_RTT_1994,68
ZEROMQ_RAW_RTT_1995,69
ZEROMQ_RAW_RTT_1996,70
ZEROMQ_RAW_RTT_1997,69
ZEROMQ_RAW_RTT_1998,69
ZEROMQ_RAW_RTT_1999,74
ZEROMQ_RAW_RTT_2000,69
ZEROMQ_RAW_RTT_2001,69
ZEROMQ_RAW_RTT_2002,68
ZEROMQ_RAW_RTT_2003,69
ZEROMQ_RAW_RTT_2004,71
ZEROMQ_RAW_RTT_2005,66
ZEROMQ_RAW_RTT_2006,73
ZEROMQ_RAW_RTT_2007,74
ZEROMQ_RAW_RTT_2008,70
ZEROMQ_RAW_RTT_2009,69
ZEROMQ_RAW_RTT_2010,69
ZEROMQ_RAW_RTT_2011,71
ZEROMQ_RAW_RTT_2012,69
ZEROMQ_RAW_RTT_2013,68
ZEROMQ_RAW_RTT_2014,71
ZEROMQ_RAW_RTT_2015,74
ZEROMQ_RAW_RTT_2016,71
ZEROMQ_RAW_RTT_2017,72
ZEROMQ_RAW_RTT_2018,68
ZEROMQ_RAW_RTT_2019,67
ZEROMQ_RAW_RTT_2020,74
ZEROMQ_RAW_RTT_2021,70
ZEROMQ_RAW_RTT_2022,72
ZEROMQ_RAW_RTT_2023,72
ZEROMQ_RAW_RTT_2024,69
ZEROMQ_RAW_RTT_2025,63
ZEROMQ_RAW_RTT_2026,75
ZEROMQ_RAW_RTT_2027,70
ZEROMQ_RAW_RTT_2028,68
ZEROMQ_RAW_RTT_2029,71
ZEROMQ_RAW_RTT_2030,69
ZEROMQ_RAW_RTT_2031,72
ZEROMQ_RAW_RTT_2032,71
ZEROMQ_RAW_RTT_2033,64
ZEROMQ_RAW_RTT_2034,73
ZEROMQ_RAW_RTT_2035,68
ZEROMQ_RAW_RTT_2036,70
ZEROMQ_RAW_RTT_2037,68
ZEROMQ_RAW_RTT_2038,70
ZEROMQ_RAW_RTT_2039,69
ZEROMQ_RAW_RTT_2040,72
ZEROMQ_RAW_RTT_2041,69
ZEROMQ_RAW_RTT_2042,72
ZEROMQ_RAW_RTT_2043,68
ZEROMQ_RAW_RTT_2044,69
ZEROMQ_RAW_RTT_2045,70
ZEROMQ_RAW_RTT_2046,70
ZEROMQ_RAW_RTT_2047,70
ZEROMQ_RAW_RTT_2048,66
ZEROMQ_RAW_RTT_2049,71
ZEROMQ_RAW_RTT_2050,68
ZEROMQ_RAW_RTT_2051,70
ZEROMQ_RAW_RTT_2052,70
ZEROMQ_RAW_RTT_2053,69
ZEROMQ_RAW_RTT_2054,66
ZEROMQ_RAW_RTT_2055,69
ZEROMQ_RAW_RTT_2056,72
ZEROMQ_RAW_RTT_2057,68
ZEROMQ_RAW_RTT_2058,69
ZEROMQ_RAW_RTT_2059,73
ZEROMQ_RAW_RTT_2060,70
ZEROMQ_RAW_RTT_2061,72
ZEROMQ_RAW_RTT_2062,69
ZEROMQ_RAW_RTT_2063,70
ZEROMQ_RAW_RTT_2064,71
ZEROMQ_RAW_RTT_2065,69
ZEROMQ_RAW_RTT_2066,71
ZEROMQ_RAW_RTT_2067,71
ZEROMQ_RAW_RTT_2068,72
ZEROMQ_RAW_RTT_2069,71
ZEROMQ_RAW_RTT_2070,75
ZEROMQ_RAW_RTT_2071,70
ZEROMQ_RAW_RTT_2072,69
ZEROMQ_RAW_RTT_2073,71
ZEROMQ_RAW_RTT_2074,69
ZEROMQ_RAW_RTT_2075,71
ZEROMQ_RAW_RTT_2076,69
ZEROMQ_RAW_RTT_2077,69
ZEROMQ_RAW_RTT_2078,69
ZEROMQ_RAW_RTT_2079,67
ZEROMQ_RAW_RTT_2080,70
ZEROMQ_RAW_RTT_2081,69
ZEROMQ_RAW_RTT_2082,65
ZEROMQ_RAW_RTT_2083,71
ZEROMQ_RAW_RTT_2084,68
ZEROMQ_RAW_RTT_2085,70
ZEROMQ_RAW_RTT_2086,70
ZEROMQ_RAW_RTT_2087,68
ZEROMQ_RAW_RTT_2088,70
ZEROMQ_RAW_RTT_2089,74
ZEROMQ_RAW_RTT_2090,70
ZEROMQ_RAW_RTT_2091,71
ZEROMQ_RAW_RTT_2092,68
ZEROMQ_RAW_RTT_2093,75
ZEROMQ_RAW_RTT_2094,71
ZEROMQ_RAW_RTT_2095,71
ZEROMQ_RAW_RTT_2096,76
ZEROMQ_RAW_RTT_2097,68
ZEROMQ_RAW_RTT_2098,65
ZEROMQ_RAW_RTT_2099,65
ZEROMQ_RAW_RTT_2100,71
ZEROMQ_RAW_RTT_2101,74
ZEROMQ_RAW_RTT_2102,68
ZEROMQ_RAW_RTT_2103,68
ZEROMQ_RAW_RTT_2104,76
ZEROMQ_RAW_RTT_2105,69
ZEROMQ_RAW_RTT_2106,68
ZEROMQ_RAW_RTT_2107,72
ZEROMQ_RAW_RTT_2108,73
ZEROMQ_RAW_RTT_2109,73
ZEROMQ_RAW_RTT_2110,71
ZEROMQ_RAW_RTT_2111,70
ZEROMQ_RAW_RTT_2112,69
ZEROMQ_RAW_RTT_2113,66
ZEROMQ_RAW_RTT_2114,74
ZEROMQ_RAW_RTT_2115,69
ZEROMQ_RAW_RTT_2116,72
ZEROMQ_RAW_RTT_2117,73
ZEROMQ_RAW_RTT_2118,66
ZEROMQ_RAW_RTT_2119,70
ZEROMQ_RAW_RTT_2120,74
ZEROMQ_RAW_RTT_2121,70
ZEROMQ_RAW_RTT_2122,71
ZEROMQ_RAW_RTT_2123,71
ZEROMQ_RAW_RTT_2124,69
ZEROMQ_RAW_RTT_2125,64
ZEROMQ_RAW_RTT_2126,73
ZEROMQ_RAW_RTT_2127,69
ZEROMQ_RAW_RTT_2128,69
ZEROMQ_RAW_RTT_2129,70
ZEROMQ_RAW_RTT_2130,69
ZEROMQ_RAW_RTT_2131,70
ZEROMQ_RAW_RTT_2132,64
ZEROMQ_RAW_RTT_2133,70
ZEROMQ_RAW_RTT_2134,74
ZEROMQ_RAW_RTT_2135,71
ZEROMQ_RAW_RTT_2136,70
ZEROMQ_RAW_RTT_2137,71
ZEROMQ_RAW_RTT_2138,67
ZEROMQ_RAW_RTT_2139,69
ZEROMQ_RAW_RTT_2140,72
ZEROMQ_RAW_RTT_2141,67
ZEROMQ_RAW_RTT_2142,73
ZEROMQ_RAW_RTT_2143,75
ZEROMQ_RAW_RTT_2144,71
ZEROMQ_RAW_RTT_2145,68
ZEROMQ_RAW_RTT_2146,69
ZEROMQ_RAW_RTT_2147,69
ZEROMQ_RAW_RTT_2148,67
ZEROMQ_RAW_RTT_2149,74
ZEROMQ_RAW_RTT_2150,71
ZEROMQ_RAW_RTT_2151,70
ZEROMQ_RAW_RTT_2152,73
ZEROMQ_RAW_RTT_2153,73
ZEROMQ_RAW_RTT_2154,69
ZEROMQ_RAW_RTT_2155,70
ZEROMQ_RAW_RTT_2156,63
ZEROMQ_RAW_RTT_2157,68
ZEROMQ_RAW_RTT_2158,69
ZEROMQ_RAW_RTT_2159,73
ZEROMQ_RAW_RTT_2160,74
ZEROMQ_RAW_RTT_2161,71
ZEROMQ_RAW_RTT_2162,69
ZEROMQ_RAW_RTT_2163,79
ZEROMQ_RAW_RTT_2164,70
ZEROMQ_RAW_RTT_2165,77
ZEROMQ_RAW_RTT_2166,69
ZEROMQ_RAW_RTT_2167,70
ZEROMQ_RAW_RTT_2168,71
ZEROMQ_RAW_RTT_2169,69
ZEROMQ_RAW_RTT_2170,73
ZEROMQ_RAW_RTT_2171,69
ZEROMQ_RAW_RTT_2172,73
ZEROMQ_RAW_RTT_2173,72
ZEROMQ_RAW_RTT_2174,71
ZEROMQ_RAW_RTT_2175,71
ZEROMQ_RAW_RTT_2176,69
ZEROMQ_RAW_RTT_2177,69
ZEROMQ_RAW_RTT_2178,73
ZEROMQ_RAW_RTT_2179,71
ZEROMQ_RAW_RTT_2180,69
ZEROMQ_RAW_RTT_2181,73
ZEROMQ_RAW_RTT_2182,75
ZEROMQ_RAW_RTT_2183,72
ZEROMQ_RAW_RTT_2184,68
ZEROMQ_RAW_RTT_2185,70
ZEROMQ_RAW_RTT_2186,70
ZEROMQ_RAW_RTT_2187,69
ZEROMQ_RAW_RTT_2188,71
ZEROMQ_RAW_RTT_2189,69
ZEROMQ_RAW_RTT_2190,73
ZEROMQ_RAW_RTT_2191,70
ZEROMQ_RAW_RTT_2192,69
ZEROMQ_RAW_RTT_2193,72
ZEROMQ_RAW_RTT_2194,71
ZEROMQ_RAW_RTT_2195,70
ZEROMQ_RAW_RTT_2196,74
ZEROMQ_RAW_RTT_2197,66
ZEROMQ_RAW_RTT_2198,70
ZEROMQ_RAW_RTT_2199,69
ZEROMQ_RAW_RTT_2200,69
ZEROMQ_RAW_RTT_2201,72
ZEROMQ_RAW_RTT_2202,69
ZEROMQ_RAW_RTT_2203,70
ZEROMQ_RAW_RTT_2204,69
ZEROMQ_RAW_RTT_2205,70
ZEROMQ_RAW_RTT_2206,64
ZEROMQ_RAW_RTT_2207,70
ZEROMQ_RAW_RTT_2208,69
ZEROMQ_RAW_RTT_2209,70
ZEROMQ_RAW_RTT_2210,68
ZEROMQ_RAW_RTT_2211,71
ZEROMQ_RAW_RTT_2212,94
ZEROMQ_RAW_RTT_2213,74
ZEROMQ_RAW_RTT_2214,80
ZEROMQ_RAW_RTT_2215,92
ZEROMQ_RAW_RTT_2216,114
ZEROMQ_RAW_RTT_2217,86
ZEROMQ_RAW_RTT_2218,63
ZEROMQ_RAW_RTT_2219,64
ZEROMQ_RAW_RTT_2220,63
ZEROMQ_RAW_RTT_2221,69
ZEROMQ_RAW_RTT_2222,61
ZEROMQ_RAW_RTT_2223,61
ZEROMQ_RAW_RTT_2224,77
ZEROMQ_RAW_RTT_2225,62
ZEROMQ_RAW_RTT_2226,67
ZEROMQ_RAW_RTT_2227,62
ZEROMQ_RAW_RTT_2228,61
ZEROMQ_RAW_RTT_2229,59
ZEROMQ_RAW_RTT_2230,69
ZEROMQ_RAW_RTT_2231,60
ZEROMQ_RAW_RTT_2232,63
ZEROMQ_RAW_RTT_2233,73
ZEROMQ_RAW_RTT_2234,71
ZEROMQ_RAW_RTT_2235,69
ZEROMQ_RAW_RTT_2236,73
ZEROMQ_RAW_RTT_2237,68
ZEROMQ_RAW_RTT_2238,79
ZEROMQ_RAW_RTT_2239,67
ZEROMQ_RAW_RTT_2240,70
ZEROMQ_RAW_RTT_2241,70
ZEROMQ_RAW_RTT_2242,70
ZEROMQ_RAW_RTT_2243,67
ZEROMQ_RAW_RTT_2244,76
ZEROMQ_RAW_RTT_2245,71
ZEROMQ_RAW_RTT_2246,67
ZEROMQ_RAW_RTT_2247,74
ZEROMQ_RAW_RTT_2248,67
ZEROMQ_RAW_RTT_2249,72
ZEROMQ_RAW_RTT_2250,74
ZEROMQ_RAW_RTT_2251,70
ZEROMQ_RAW_RTT_2252,72
ZEROMQ_RAW_RTT_2253,75
ZEROMQ_RAW_RTT_2254,73
ZEROMQ_RAW_RTT_2255,69
ZEROMQ_RAW_RTT_2256,72
ZEROMQ_RAW_RTT_2257,69
ZEROMQ_RAW_RTT_2258,69
ZEROMQ_RAW_RTT_2259,64
ZEROMQ_RAW_RTT_2260,61
ZEROMQ_RAW_RTT_2261,63
ZEROMQ_RAW_RTT_2262,60
ZEROMQ_RAW_RTT_2263,63
ZEROMQ_RAW_RTT_2264,65
ZEROMQ_RAW_RTT_2265,66
ZEROMQ_RAW_RTT_2266,61
ZEROMQ_RAW_RTT_2267,61
ZEROMQ_RAW_RTT_2268,64
ZEROMQ_RAW_RTT_2269,61
ZEROMQ_RAW_RTT_2270,60
ZEROMQ_RAW_RTT_2271,60
ZEROMQ_RAW_RTT_2272,66
ZEROMQ_RAW_RTT_2273,65
ZEROMQ_RAW_RTT_2274,60
ZEROMQ_RAW_RTT_2275,60
ZEROMQ_RAW_RTT_2276,58
ZEROMQ_RAW_RTT_2277,68
ZEROMQ_RAW_RTT_2278,57
ZEROMQ_RAW_RTT_2279,61
ZEROMQ_RAW_RTT_2280,64
ZEROMQ_RAW_RTT_2281,57
ZEROMQ_RAW_RTT_2282,64
ZEROMQ_RAW_RTT_2283,60
ZEROMQ_RAW_RTT_2284,61
ZEROMQ_RAW_RTT_2285,61
ZEROMQ_RAW_RTT_2286,57
ZEROMQ_RAW_RTT_2287,62
ZEROMQ_RAW_RTT_2288,66
ZEROMQ_RAW_RTT_2289,52
ZEROMQ_RAW_RTT_2290,74
ZEROMQ_RAW_RTT_2291,67
ZEROMQ_RAW_RTT_2292,67
ZEROMQ_RAW_RTT_2293,67
ZEROMQ_RAW_RTT_2294,63
ZEROMQ_RAW_RTT_2295,66
ZEROMQ_RAW_RTT_2296,66
ZEROMQ_RAW_RTT_2297,65
ZEROMQ_RAW_RTT_2298,67
ZEROMQ_RAW_RTT_2299,65
ZEROMQ_RAW_RTT_2300,66
ZEROMQ_RAW_RTT_2301,68
ZEROMQ_RAW_RTT_2302,66
ZEROMQ_RAW_RTT_2303,65
ZEROMQ_RAW_RTT_2304,66
ZEROMQ_RAW_RTT_2305,63
ZEROMQ_RAW_RTT_2306,61
ZEROMQ_RAW_RTT_2307,69
ZEROMQ_RAW_RTT_2308,70
ZEROMQ_RAW_RTT_2309,69
ZEROMQ_RAW_RTT_2310,66
ZEROMQ_RAW_RTT_2311,70
ZEROMQ_RAW_RTT_2312,67
ZEROMQ_RAW_RTT_2313,64
ZEROMQ_RAW_RTT_2314,74
ZEROMQ_RAW_RTT_2315,95
ZEROMQ_RAW_RTT_2316,65
ZEROMQ_RAW_RTT_2317,67
ZEROMQ_RAW_RTT_2318,64
ZEROMQ_RAW_RTT_2319,65
ZEROMQ_RAW_RTT_2320,67
ZEROMQ_RAW_RTT_2321,64
ZEROMQ_RAW_RTT_2322,64
ZEROMQ_RAW_RTT_2323,64
ZEROMQ_RAW_RTT_2324,63
ZEROMQ_RAW_RTT_2325,76
ZEROMQ_RAW_RTT_2326,64
ZEROMQ_RAW_RTT_2327,63
ZEROMQ_RAW_RTT_2328,60
ZEROMQ_RAW_RTT_2329,66
ZEROMQ_RAW_RTT_2330,72
ZEROMQ_RAW_RTT_2331,69
ZEROMQ_RAW_RTT_2332,70
ZEROMQ_RAW_RTT_2333,71
ZEROMQ_RAW_RTT_2334,71
ZEROMQ_RAW_RTT_2335,71
ZEROMQ_RAW_RTT_2336,72
ZEROMQ_RAW_RTT_2337,71
ZEROMQ_RAW_RTT_2338,70
ZEROMQ_RAW_RTT_2339,69
ZEROMQ_RAW_RTT_2340,72
ZEROMQ_RAW_RTT_2341,70
ZEROMQ_RAW_RTT_2342,69
ZEROMQ_RAW_RTT_2343,73
ZEROMQ_RAW_RTT_2344,69
ZEROMQ_RAW_RTT_2345,72
ZEROMQ_RAW_RTT_2346,70
ZEROMQ_RAW_RTT_2347,68
ZEROMQ_RAW_RTT_2348,73
ZEROMQ_RAW_RTT_2349,71
ZEROMQ_RAW_RTT_2350,75
ZEROMQ_RAW_RTT_2351,70
ZEROMQ_RAW_RTT_2352,68
ZEROMQ_RAW_RTT_2353,73
ZEROMQ_RAW_RTT_2354,73
ZEROMQ_RAW_RTT_2355,70
ZEROMQ_RAW_RTT_2356,75
ZEROMQ_RAW_RTT_2357,72
ZEROMQ_RAW_RTT_2358,72
ZEROMQ_RAW_RTT_2359,73
ZEROMQ_RAW_RTT_2360,66
ZEROMQ_RAW_RTT_2361,71
ZEROMQ_RAW_RTT_2362,73
ZEROMQ_RAW_RTT_2363,73
ZEROMQ_RAW_RTT_2364,70
ZEROMQ_RAW_RTT_2365,69
ZEROMQ_RAW_RTT_2366,72
ZEROMQ_RAW_RTT_2367,70
ZEROMQ_RAW_RTT_2368,72
ZEROMQ_RAW_RTT_2369,67
ZEROMQ_RAW_RTT_2370,70
ZEROMQ_RAW_RTT_2371,71
ZEROMQ_RAW_RTT_2372,69
ZEROMQ_RAW_RTT_2373,73
ZEROMQ_RAW_RTT_2374,72
ZEROMQ_RAW_RTT_2375,65
ZEROMQ_RAW_RTT_2376,68
ZEROMQ_RAW_RTT_2377,65
ZEROMQ_RAW_RTT_2378,61
ZEROMQ_RAW_RTT_2379,60
ZEROMQ_RAW_RTT_2380,63
ZEROMQ_RAW_RTT_2381,97
ZEROMQ_RAW_RTT_2382,68
ZEROMQ_RAW_RTT_2383,60
ZEROMQ_RAW_RTT_2384,66
ZEROMQ_RAW_RTT_2385,61
ZEROMQ_RAW_RTT_2386,63
ZEROMQ_RAW_RTT_2387,63
ZEROMQ_RAW_RTT_2388,61
ZEROMQ_RAW_RTT_2389,61
ZEROMQ_RAW_RTT_2390,72
ZEROMQ_RAW_RTT_2391,66
ZEROMQ_RAW_RTT_2392,63
ZEROMQ_RAW_RTT_2393,65
ZEROMQ_RAW_RTT_2394,62
ZEROMQ_RAW_RTT_2395,60
ZEROMQ_RAW_RTT_2396,67
ZEROMQ_RAW_RTT_2397,62
ZEROMQ_RAW_RTT_2398,62
ZEROMQ_RAW_RTT_2399,62
ZEROMQ_RAW_RTT_2400,61
ZEROMQ_RAW_RTT_2401,60
ZEROMQ_RAW_RTT_2402,63
ZEROMQ_RAW_RTT_2403,61
ZEROMQ_RAW_RTT_2404,61
ZEROMQ_RAW_RTT_2405,61
ZEROMQ_RAW_RTT_2406,61
ZEROMQ_RAW_RTT_2407,62
ZEROMQ_RAW_RTT_2408,58
ZEROMQ_RAW_RTT_2409,58
ZEROMQ_RAW_RTT_2410,59
ZEROMQ_RAW_RTT_2411,62
ZEROMQ_RAW_RTT_2412,60
ZEROMQ_RAW_RTT_2413,64
ZEROMQ_RAW_RTT_2414,62
ZEROMQ_RAW_RTT_2415,59
ZEROMQ_RAW_RTT_2416,60
ZEROMQ_RAW_RTT_2417,67
ZEROMQ_RAW_RTT_2418,62
ZEROMQ_RAW_RTT_2419,54
ZEROMQ_RAW_RTT_2420,67
ZEROMQ_RAW_RTT_2421,60
ZEROMQ_RAW_RTT_2422,64
ZEROMQ_RAW_RTT_2423,68
ZEROMQ_RAW_RTT_2424,61
ZEROMQ_RAW_RTT_2425,72
ZEROMQ_RAW_RTT_2426,70
ZEROMQ_RAW_RTT_2427,69
ZEROMQ_RAW_RTT_2428,68
ZEROMQ_RAW_RTT_2429,70
ZEROMQ_RAW_RTT_2430,71
ZEROMQ_RAW_RTT_2431,69
ZEROMQ_RAW_RTT_2432,70
ZEROMQ_RAW_RTT_2433,70
ZEROMQ_RAW_RTT_2434,74
ZEROMQ_RAW_RTT_2435,69
ZEROMQ_RAW_RTT_2436,67
ZEROMQ_RAW_RTT_2437,74
ZEROMQ_RAW_RTT_2438,67
ZEROMQ_RAW_RTT_2439,68
ZEROMQ_RAW_RTT_2440,62
ZEROMQ_RAW_RTT_2441,65
ZEROMQ_RAW_RTT_2442,66
ZEROMQ_RAW_RTT_2443,71
ZEROMQ_RAW_RTT_2444,66
ZEROMQ_RAW_RTT_2445,65
ZEROMQ_RAW_RTT_2446,79
ZEROMQ_RAW_RTT_2447,78
ZEROMQ_RAW_RTT_2448,71
ZEROMQ_RAW_RTT_2449,59
ZEROMQ_RAW_RTT_2450,67
ZEROMQ_RAW_RTT_2451,72
ZEROMQ_RAW_RTT_2452,87
ZEROMQ_RAW_RTT_2453,81
ZEROMQ_RAW_RTT_2454,67
ZEROMQ_RAW_RTT_2455,62
ZEROMQ_RAW_RTT_2456,58
ZEROMQ_RAW_RTT_2457,68
ZEROMQ_RAW_RTT_2458,63
ZEROMQ_RAW_RTT_2459,65
ZEROMQ_RAW_RTT_2460,115
ZEROMQ_RAW_RTT_2461,64
ZEROMQ_RAW_RTT_2462,64
ZEROMQ_RAW_RTT_2463,73
ZEROMQ_RAW_RTT_2464,61
ZEROMQ_RAW_RTT_2465,65
ZEROMQ_RAW_RTT_2466,63
ZEROMQ_RAW_RTT_2467,66
ZEROMQ_RAW_RTT_2468,73
ZEROMQ_RAW_RTT_2469,106
ZEROMQ_RAW_RTT_2470,68
ZEROMQ_RAW_RTT_2471,64
ZEROMQ_RAW_RTT_2472,61
ZEROMQ_RAW_RTT_2473,64
ZEROMQ_RAW_RTT_2474,66
ZEROMQ_RAW_RTT_2475,62
ZEROMQ_RAW_RTT_2476,62
ZEROMQ_RAW_RTT_2477,62
ZEROMQ_RAW_RTT_2478,65
ZEROMQ_RAW_RTT_2479,65
ZEROMQ_RAW_RTT_2480,65
ZEROMQ_RAW_RTT_2481,71
ZEROMQ_RAW_RTT_2482,66
ZEROMQ_RAW_RTT_2483,65
ZEROMQ_RAW_RTT_2484,65
ZEROMQ_RAW_RTT_2485,64
ZEROMQ_RAW_RTT_2486,65
ZEROMQ_RAW_RTT_2487,68
ZEROMQ_RAW_RTT_2488,72
ZEROMQ_RAW_RTT_2489,72
ZEROMQ_RAW_RTT_2490,70
ZEROMQ_RAW_RTT_2491,66
ZEROMQ_RAW_RTT_2492,68
ZEROMQ_RAW_RTT_2493,68
ZEROMQ_RAW_RTT_2494,69
ZEROMQ_RAW_RTT_2495,74
ZEROMQ_RAW_RTT_2496,69
ZEROMQ_RAW_RTT_2497,73
ZEROMQ_RAW_RTT_2498,67
ZEROMQ_RAW_RTT_2499,66
ZEROMQ_RAW_RTT_2500,69
ZEROMQ_RAW_RTT_2501,71
ZEROMQ_RAW_RTT_2502,66
ZEROMQ_RAW_RTT_2503,71
ZEROMQ_RAW_RTT_2504,75
ZEROMQ_RAW_RTT_2505,64
ZEROMQ_RAW_RTT_2506,60
ZEROMQ_RAW_RTT_2507,66
ZEROMQ_RAW_RTT_2508,65
ZEROMQ_RAW_RTT_2509,66
ZEROMQ_RAW_RTT_2510,58
ZEROMQ_RAW_RTT_2511,62
ZEROMQ_RAW_RTT_2512,61
ZEROMQ_RAW_RTT_2513,62
ZEROMQ_RAW_RTT_2514,62
ZEROMQ_RAW_RTT_2515,64
ZEROMQ_RAW_RTT_2516,63
ZEROMQ_RAW_RTT_2517,61
ZEROMQ_RAW_RTT_2518,63
ZEROMQ_RAW_RTT_2519,60
ZEROMQ_RAW_RTT_2520,60
ZEROMQ_RAW_RTT_2521,77
ZEROMQ_RAW_RTT_2522,66
ZEROMQ_RAW_RTT_2523,64
ZEROMQ_RAW_RTT_2524,62
ZEROMQ_RAW_RTT_2525,61
ZEROMQ_RAW_RTT_2526,58
ZEROMQ_RAW_RTT_2527,61
ZEROMQ_RAW_RTT_2528,66
ZEROMQ_RAW_RTT_2529,74
ZEROMQ_RAW_RTT_2530,70
ZEROMQ_RAW_RTT_2531,69
ZEROMQ_RAW_RTT_2532,75
ZEROMQ_RAW_RTT_2533,70
ZEROMQ_RAW_RTT_2534,70
ZEROMQ_RAW_RTT_2535,71
ZEROMQ_RAW_RTT_2536,73
ZEROMQ_RAW_RTT_2537,70
ZEROMQ_RAW_RTT_2538,115
ZEROMQ_RAW_RTT_2539,74
ZEROMQ_RAW_RTT_2540,66
ZEROMQ_RAW_RTT_2541,64
ZEROMQ_RAW_RTT_2542,66
ZEROMQ_RAW_RTT_2543,67
ZEROMQ_RAW_RTT_2544,63
ZEROMQ_RAW_RTT_2545,63
ZEROMQ_RAW_RTT_2546,65
ZEROMQ_RAW_RTT_2547,62
ZEROMQ_RAW_RTT_2548,68
ZEROMQ_RAW_RTT_2549,57
ZEROMQ_RAW_RTT_2550,57
ZEROMQ_RAW_RTT_2551,63
ZEROMQ_RAW_RTT_2552,64
ZEROMQ_RAW_RTT_2553,67
ZEROMQ_RAW_RTT_2554,68
ZEROMQ_RAW_RTT_2555,57
ZEROMQ_RAW_RTT_2556,73
ZEROMQ_RAW_RTT_2557,97
ZEROMQ_RAW_RTT_2558,69
ZEROMQ_RAW_RTT_2559,71
ZEROMQ_RAW_RTT_2560,68
ZEROMQ_RAW_RTT_2561,64
ZEROMQ_RAW_RTT_2562,69
ZEROMQ_RAW_RTT_2563,70
ZEROMQ_RAW_RTT_2564,71
ZEROMQ_RAW_RTT_2565,71
ZEROMQ_RAW_RTT_2566,78
ZEROMQ_RAW_RTT_2567,73
ZEROMQ_RAW_RTT_2568,65
ZEROMQ_RAW_RTT_2569,71
ZEROMQ_RAW_RTT_2570,71
ZEROMQ_RAW_RTT_2571,70
ZEROMQ_RAW_RTT_2572,69
ZEROMQ_RAW_RTT_2573,70
ZEROMQ_RAW_RTT_2574,72
ZEROMQ_RAW_RTT_2575,69
ZEROMQ_RAW_RTT_2576,70
ZEROMQ_RAW_RTT_2577,57
ZEROMQ_RAW_RTT_2578,69
ZEROMQ_RAW_RTT_2579,70
ZEROMQ_RAW_RTT_2580,73
ZEROMQ_RAW_RTT_2581,73
ZEROMQ_RAW_RTT_2582,69
ZEROMQ_RAW_RTT_2583,71
ZEROMQ_RAW_RTT_2584,82
ZEROMQ_RAW_RTT_2585,68
ZEROMQ_RAW_RTT_2586,65
ZEROMQ_RAW_RTT_2587,66
ZEROMQ_RAW_RTT_2588,65
ZEROMQ_RAW_RTT_2589,64
ZEROMQ_RAW_RTT_2590,65
ZEROMQ_RAW_RTT_2591,59
ZEROMQ_RAW_RTT_2592,66
ZEROMQ_RAW_RTT_2593,76
ZEROMQ_RAW_RTT_2594,67
ZEROMQ_RAW_RTT_2595,66
ZEROMQ_RAW_RTT_2596,63
ZEROMQ_RAW_RTT_2597,65
ZEROMQ_RAW_RTT_2598,65
ZEROMQ_RAW_RTT_2599,64
ZEROMQ_RAW_RTT_2600,65
ZEROMQ_RAW_RTT_2601,69
ZEROMQ_RAW_RTT_2602,92
ZEROMQ_RAW_RTT_2603,71
ZEROMQ_RAW_RTT_2604,66
ZEROMQ_RAW_RTT_2605,74
ZEROMQ_RAW_RTT_2606,70
ZEROMQ_RAW_RTT_2607,72
ZEROMQ_RAW_RTT_2608,69
ZEROMQ_RAW_RTT_2609,71
ZEROMQ_RAW_RTT_2610,68
ZEROMQ_RAW_RTT_2611,78
ZEROMQ_RAW_RTT_2612,98
ZEROMQ_RAW_RTT_2613,71
ZEROMQ_RAW_RTT_2614,64
ZEROMQ_RAW_RTT_2615,65
ZEROMQ_RAW_RTT_2616,66
ZEROMQ_RAW_RTT_2617,66
ZEROMQ_RAW_RTT_2618,55
ZEROMQ_RAW_RTT_2619,64
ZEROMQ_RAW_RTT_2620,62
ZEROMQ_RAW_RTT_2621,63
ZEROMQ_RAW_RTT_2622,64
ZEROMQ_RAW_RTT_2623,62
ZEROMQ_RAW_RTT_2624,61
ZEROMQ_RAW_RTT_2625,63
ZEROMQ_RAW_RTT_2626,63
ZEROMQ_RAW_RTT_2627,61
ZEROMQ_RAW_RTT_2628,65
ZEROMQ_RAW_RTT_2629,62
ZEROMQ_RAW_RTT_2630,59
ZEROMQ_RAW_RTT_2631,88
ZEROMQ_RAW_RTT_2632,71
ZEROMQ_RAW_RTT_2633,69
ZEROMQ_RAW_RTT_2634,73
ZEROMQ_RAW_RTT_2635,69
ZEROMQ_RAW_RTT_2636,72
ZEROMQ_RAW_RTT_2637,63
ZEROMQ_RAW_RTT_2638,69
ZEROMQ_RAW_RTT_2639,69
ZEROMQ_RAW_RTT_2640,78
ZEROMQ_RAW_RTT_2641,69
ZEROMQ_RAW_RTT_2642,71
ZEROMQ_RAW_RTT_2643,73
ZEROMQ_RAW_RTT_2644,74
ZEROMQ_RAW_RTT_2645,73
ZEROMQ_RAW_RTT_2646,73
ZEROMQ_RAW_RTT_2647,75
ZEROMQ_RAW_RTT_2648,73
ZEROMQ_RAW_RTT_2649,75
ZEROMQ_RAW_RTT_2650,69
ZEROMQ_RAW_RTT_2651,73
ZEROMQ_RAW_RTT_2652,70
ZEROMQ_RAW_RTT_2653,70
ZEROMQ_RAW_RTT_2654,70
ZEROMQ_RAW_RTT_2655,72
ZEROMQ_RAW_RTT_2656,71
ZEROMQ_RAW_RTT_2657,74
ZEROMQ_RAW_RTT_2658,72
ZEROMQ_RAW_RTT_2659,86
ZEROMQ_RAW_RTT_2660,70
ZEROMQ_RAW_RTT_2661,61
ZEROMQ_RAW_RTT_2662,60
ZEROMQ_RAW_RTT_2663,66
ZEROMQ_RAW_RTT_2664,69
ZEROMQ_RAW_RTT_2665,67
ZEROMQ_RAW_RTT_2666,65
ZEROMQ_RAW_RTT_2667,66
ZEROMQ_RAW_RTT_2668,111
ZEROMQ_RAW_RTT_2669,74
ZEROMQ_RAW_RTT_2670,67
ZEROMQ_RAW_RTT_2671,79
ZEROMQ_RAW_RTT_2672,62
ZEROMQ_RAW_RTT_2673,62
ZEROMQ_RAW_RTT_2674,71
ZEROMQ_RAW_RTT_2675,68
ZEROMQ_RAW_RTT_2676,68
ZEROMQ_RAW_RTT_2677,69
ZEROMQ_RAW_RTT_2678,71
ZEROMQ_RAW_RTT_2679,66
ZEROMQ_RAW_RTT_2680,63
ZEROMQ_RAW_RTT_2681,71
ZEROMQ_RAW_RTT_2682,73
ZEROMQ_RAW_RTT_2683,72
ZEROMQ_RAW_RTT_2684,70
ZEROMQ_RAW_RTT_2685,66
ZEROMQ_RAW_RTT_2686,70
ZEROMQ_RAW_RTT_2687,73
ZEROMQ_RAW_RTT_2688,67
ZEROMQ_RAW_RTT_2689,67
ZEROMQ_RAW_RTT_2690,68
ZEROMQ_RAW_RTT_2691,70
ZEROMQ_RAW_RTT_2692,67
ZEROMQ_RAW_RTT_2693,66
ZEROMQ_RAW_RTT_2694,70
ZEROMQ_RAW_RTT_2695,65
ZEROMQ_RAW_RTT_2696,74
ZEROMQ_RAW_RTT_2697,84
ZEROMQ_RAW_RTT_2698,58
ZEROMQ_RAW_RTT_2699,69
ZEROMQ_RAW_RTT_2700,71
ZEROMQ_RAW_RTT_2701,71
ZEROMQ_RAW_RTT_2702,71
ZEROMQ_RAW_RTT_2703,73
ZEROMQ_RAW_RTT_2704,70
ZEROMQ_RAW_RTT_2705,69
ZEROMQ_RAW_RTT_2706,105
ZEROMQ_RAW_RTT_2707,80
ZEROMQ_RAW_RTT_2708,71
ZEROMQ_RAW_RTT_2709,74
ZEROMQ_RAW_RTT_2710,75
ZEROMQ_RAW_RTT_2711,74
ZEROMQ_RAW_RTT_2712,76
ZEROMQ_RAW_RTT_2713,72
ZEROMQ_RAW_RTT_2714,71
ZEROMQ_RAW_RTT_2715,70
ZEROMQ_RAW_RTT_2716,99
ZEROMQ_RAW_RTT_2717,76
ZEROMQ_RAW_RTT_2718,68
ZEROMQ_RAW_RTT_2719,73
ZEROMQ_RAW_RTT_2720,70
ZEROMQ_RAW_RTT_2721,64
ZEROMQ_RAW_RTT_2722,71
ZEROMQ_RAW_RTT_2723,69
ZEROMQ_RAW_RTT_2724,73
ZEROMQ_RAW_RTT_2725,70
ZEROMQ_RAW_RTT_2726,65
ZEROMQ_RAW_RTT_2727,85
ZEROMQ_RAW_RTT_2728,69
ZEROMQ_RAW_RTT_2729,68
ZEROMQ_RAW_RTT_2730,67
ZEROMQ_RAW_RTT_2731,65
ZEROMQ_RAW_RTT_2732,69
ZEROMQ_RAW_RTT_2733,70
ZEROMQ_RAW_RTT_2734,67
ZEROMQ_RAW_RTT_2735,72
ZEROMQ_RAW_RTT_2736,63
ZEROMQ_RAW_RTT_2737,107
ZEROMQ_RAW_RTT_2738,72
ZEROMQ_RAW_RTT_2739,72
ZEROMQ_RAW_RTT_2740,69
ZEROMQ_RAW_RTT_2741,68
ZEROMQ_RAW_RTT_2742,73
ZEROMQ_RAW_RTT_2743,72
ZEROMQ_RAW_RTT_2744,72
ZEROMQ_RAW_RTT_2745,72
ZEROMQ_RAW_RTT_2746,72
ZEROMQ_RAW_RTT_2747,101
ZEROMQ_RAW_RTT_2748,97
ZEROMQ_RAW_RTT_2749,75
ZEROMQ_RAW_RTT_2750,70
ZEROMQ_RAW_RTT_2751,73
ZEROMQ_RAW_RTT_2752,74
ZEROMQ_RAW_RTT_2753,71
ZEROMQ_RAW_RTT_2754,73
ZEROMQ_RAW_RTT_2755,76
ZEROMQ_RAW_RTT_2756,64
ZEROMQ_RAW_RTT_2757,107
ZEROMQ_RAW_RTT_2758,77
ZEROMQ_RAW_RTT_2759,62
ZEROMQ_RAW_RTT_2760,63
ZEROMQ_RAW_RTT_2761,63
ZEROMQ_RAW_RTT_2762,64
ZEROMQ_RAW_RTT_2763,64
ZEROMQ_RAW_RTT_2764,66
ZEROMQ_RAW_RTT_2765,62
ZEROMQ_RAW_RTT_2766,64
ZEROMQ_RAW_RTT_2767,105
ZEROMQ_RAW_RTT_2768,77
ZEROMQ_RAW_RTT_2769,66
ZEROMQ_RAW_RTT_2770,64
ZEROMQ_RAW_RTT_2771,63
ZEROMQ_RAW_RTT_2772,56
ZEROMQ_RAW_RTT_2773,66
ZEROMQ_RAW_RTT_2774,65
ZEROMQ_RAW_RTT_2775,66
ZEROMQ_RAW_RTT_2776,69
ZEROMQ_RAW_RTT_2777,82
ZEROMQ_RAW_RTT_2778,68
ZEROMQ_RAW_RTT_2779,72
ZEROMQ_RAW_RTT_2780,89
ZEROMQ_RAW_RTT_2781,71
ZEROMQ_RAW_RTT_2782,72
ZEROMQ_RAW_RTT_2783,67
ZEROMQ_RAW_RTT_2784,70
ZEROMQ_RAW_RTT_2785,75
ZEROMQ_RAW_RTT_2786,70
ZEROMQ_RAW_RTT_2787,70
ZEROMQ_RAW_RTT_2788,87
ZEROMQ_RAW_RTT_2789,70
ZEROMQ_RAW_RTT_2790,70
ZEROMQ_RAW_RTT_2791,72
ZEROMQ_RAW_RTT_2792,66
ZEROMQ_RAW_RTT_2793,70
ZEROMQ_RAW_RTT_2794,71
ZEROMQ_RAW_RTT_2795,71
ZEROMQ_RAW_RTT_2796,68
ZEROMQ_RAW_RTT_2797,76
ZEROMQ_RAW_RTT_2798,113
ZEROMQ_RAW_RTT_2799,80
ZEROMQ_RAW_RTT_2800,64
ZEROMQ_RAW_RTT_2801,64
ZEROMQ_RAW_RTT_2802,65
ZEROMQ_RAW_RTT_2803,63
ZEROMQ_RAW_RTT_2804,63
ZEROMQ_RAW_RTT_2805,68
ZEROMQ_RAW_RTT_2806,61
ZEROMQ_RAW_RTT_2807,63
ZEROMQ_RAW_RTT_2808,100
ZEROMQ_RAW_RTT_2809,67
ZEROMQ_RAW_RTT_2810,63
ZEROMQ_RAW_RTT_2811,59
ZEROMQ_RAW_RTT_2812,65
ZEROMQ_RAW_RTT_2813,60
ZEROMQ_RAW_RTT_2814,67
ZEROMQ_RAW_RTT_2815,58
ZEROMQ_RAW_RTT_2816,69
ZEROMQ_RAW_RTT_2817,64
ZEROMQ_RAW_RTT_2818,65
ZEROMQ_RAW_RTT_2819,66
ZEROMQ_RAW_RTT_2820,66
ZEROMQ_RAW_RTT_2821,56
ZEROMQ_RAW_RTT_2822,65
ZEROMQ_RAW_RTT_2823,59
ZEROMQ_RAW_RTT_2824,63
ZEROMQ_RAW_RTT_2825,64
ZEROMQ_RAW_RTT_2826,70
ZEROMQ_RAW_RTT_2827,65
ZEROMQ_RAW_RTT_2828,63
ZEROMQ_RAW_RTT_2829,77
ZEROMQ_RAW_RTT_2830,67
ZEROMQ_RAW_RTT_2831,65
ZEROMQ_RAW_RTT_2832,67
ZEROMQ_RAW_RTT_2833,56
ZEROMQ_RAW_RTT_2834,60
ZEROMQ_RAW_RTT_2835,63
ZEROMQ_RAW_RTT_2836,66
ZEROMQ_RAW_RTT_2837,65
ZEROMQ_RAW_RTT_2838,69
ZEROMQ_RAW_RTT_2839,78
ZEROMQ_RAW_RTT_2840,70
ZEROMQ_RAW_RTT_2841,71
ZEROMQ_RAW_RTT_2842,72
ZEROMQ_RAW_RTT_2843,70
ZEROMQ_RAW_RTT_2844,71
ZEROMQ_RAW_RTT_2845,75
ZEROMQ_RAW_RTT_2846,75
ZEROMQ_RAW_RTT_2847,75
ZEROMQ_RAW_RTT_2848,69
ZEROMQ_RAW_RTT_2849,69
ZEROMQ_RAW_RTT_2850,73
ZEROMQ_RAW_RTT_2851,73
ZEROMQ_RAW_RTT_2852,67
ZEROMQ_RAW_RTT_2853,69
ZEROMQ_RAW_RTT_2854,69
ZEROMQ_RAW_RTT_2855,83
ZEROMQ_RAW_RTT_2856,77
ZEROMQ_RAW_RTT_2857,76
ZEROMQ_RAW_RTT_2858,73
ZEROMQ_RAW_RTT_2859,75
ZEROMQ_RAW_RTT_2860,65
ZEROMQ_RAW_RTT_2861,62
ZEROMQ_RAW_RTT_2862,69
ZEROMQ_RAW_RTT_2863,60
ZEROMQ_RAW_RTT_2864,62
ZEROMQ_RAW_RTT_2865,65
ZEROMQ_RAW_RTT_2866,63
ZEROMQ_RAW_RTT_2867,70
ZEROMQ_RAW_RTT_2868,69
ZEROMQ_RAW_RTT_2869,67
ZEROMQ_RAW_RTT_2870,62
ZEROMQ_RAW_RTT_2871,62
ZEROMQ_RAW_RTT_2872,63
ZEROMQ_RAW_RTT_2873,63
ZEROMQ_RAW_RTT_2874,68
ZEROMQ_RAW_RTT_2875,66
ZEROMQ_RAW_RTT_2876,67
ZEROMQ_RAW_RTT_2877,62
ZEROMQ_RAW_RTT_2878,67
ZEROMQ_RAW_RTT_2879,88
ZEROMQ_RAW_RTT_2880,69
ZEROMQ_RAW_RTT_2881,70
ZEROMQ_RAW_RTT_2882,70
ZEROMQ_RAW_RTT_2883,72
ZEROMQ_RAW_RTT_2884,68
ZEROMQ_RAW_RTT_2885,75
ZEROMQ_RAW_RTT_2886,74
ZEROMQ_RAW_RTT_2887,72
ZEROMQ_RAW_RTT_2888,67
ZEROMQ_RAW_RTT_2889,101
ZEROMQ_RAW_RTT_2890,70
ZEROMQ_RAW_RTT_2891,74
ZEROMQ_RAW_RTT_2892,73
ZEROMQ_RAW_RTT_2893,67
ZEROMQ_RAW_RTT_2894,73
ZEROMQ_RAW_RTT_2895,70
ZEROMQ_RAW_RTT_2896,70
ZEROMQ_RAW_RTT_2897,70
ZEROMQ_RAW_RTT_2898,75
ZEROMQ_RAW_RTT_2899,80
ZEROMQ_RAW_RTT_2900,69
ZEROMQ_RAW_RTT_2901,64
ZEROMQ_RAW_RTT_2902,65
ZEROMQ_RAW_RTT_2903,63
ZEROMQ_RAW_RTT_2904,63
ZEROMQ_RAW_RTT_2905,66
ZEROMQ_RAW_RTT_2906,67
ZEROMQ_RAW_RTT_2907,66
ZEROMQ_RAW_RTT_2908,62
ZEROMQ_RAW_RTT_2909,64
ZEROMQ_RAW_RTT_2910,63
ZEROMQ_RAW_RTT_2911,64
ZEROMQ_RAW_RTT_2912,65
ZEROMQ_RAW_RTT_2913,62
ZEROMQ_RAW_RTT_2914,64
ZEROMQ_RAW_RTT_2915,63
ZEROMQ_RAW_RTT_2916,61
ZEROMQ_RAW_RTT_2917,68
ZEROMQ_RAW_RTT_2918,108
ZEROMQ_RAW_RTT_2919,83
ZEROMQ_RAW_RTT_2920,74
ZEROMQ_RAW_RTT_2921,61
ZEROMQ_RAW_RTT_2922,68
ZEROMQ_RAW_RTT_2923,70
ZEROMQ_RAW_RTT_2924,75
ZEROMQ_RAW_RTT_2925,69
ZEROMQ_RAW_RTT_2926,71
ZEROMQ_RAW_RTT_2927,83
ZEROMQ_RAW_RTT_2928,107
ZEROMQ_RAW_RTT_2929,73
ZEROMQ_RAW_RTT_2930,64
ZEROMQ_RAW_RTT_2931,69
ZEROMQ_RAW_RTT_2932,58
ZEROMQ_RAW_RTT_2933,64
ZEROMQ_RAW_RTT_2934,62
ZEROMQ_RAW_RTT_2935,65
ZEROMQ_RAW_RTT_2936,66
ZEROMQ_RAW_RTT_2937,65
ZEROMQ_RAW_RTT_2938,68
ZEROMQ_RAW_RTT_2939,61
ZEROMQ_RAW_RTT_2940,67
ZEROMQ_RAW_RTT_2941,59
ZEROMQ_RAW_RTT_2942,66
ZEROMQ_RAW_RTT_2943,63
ZEROMQ_RAW_RTT_2944,66
ZEROMQ_RAW_RTT_2945,62
ZEROMQ_RAW_RTT_2946,67
ZEROMQ_RAW_RTT_2947,87
ZEROMQ_RAW_RTT_2948,67
ZEROMQ_RAW_RTT_2949,66
ZEROMQ_RAW_RTT_2950,65
ZEROMQ_RAW_RTT_2951,80
ZEROMQ_RAW_RTT_2952,67
ZEROMQ_RAW_RTT_2953,68
ZEROMQ_RAW_RTT_2954,70
ZEROMQ_RAW_RTT_2955,69
ZEROMQ_RAW_RTT_2956,81
ZEROMQ_RAW_RTT_2957,71
ZEROMQ_RAW_RTT_2958,67
ZEROMQ_RAW_RTT_2959,68
ZEROMQ_RAW_RTT_2960,65
ZEROMQ_RAW_RTT_2961,67
ZEROMQ_RAW_RTT_2962,61
ZEROMQ_RAW_RTT_2963,69
ZEROMQ_RAW_RTT_2964,64
ZEROMQ_RAW_RTT_2965,112
ZEROMQ_RAW_RTT_2966,72
ZEROMQ_RAW_RTT_2967,65
ZEROMQ_RAW_RTT_2968,60
ZEROMQ_RAW_RTT_2969,65
ZEROMQ_RAW_RTT_2970,62
ZEROMQ_RAW_RTT_2971,64
ZEROMQ_RAW_RTT_2972,68
ZEROMQ_RAW_RTT_2973,66
ZEROMQ_RAW_RTT_2974,80
ZEROMQ_RAW_RTT_2975,86
ZEROMQ_RAW_RTT_2976,63
ZEROMQ_RAW_RTT_2977,72
ZEROMQ_RAW_RTT_2978,74
ZEROMQ_RAW_RTT_2979,74
ZEROMQ_RAW_RTT_2980,69
ZEROMQ_RAW_RTT_2981,78
ZEROMQ_RAW_RTT_2982,73
ZEROMQ_RAW_RTT_2983,69
ZEROMQ_RAW_RTT_2984,73
ZEROMQ_RAW_RTT_2985,76
ZEROMQ_RAW_RTT_2986,67
ZEROMQ_RAW_RTT_2987,63
ZEROMQ_RAW_RTT_2988,63
ZEROMQ_RAW_RTT_2989,63
ZEROMQ_RAW_RTT_2990,63
ZEROMQ_RAW_RTT_2991,65
ZEROMQ_RAW_RTT_2992,65
ZEROMQ_RAW_RTT_2993,63
ZEROMQ_RAW_RTT_2994,96
ZEROMQ_RAW_RTT_2995,75
ZEROMQ_RAW_RTT_2996,61
ZEROMQ_RAW_RTT_2997,60
ZEROMQ_RAW_RTT_2998,65
ZEROMQ_RAW_RTT_2999,63
ZEROMQ_RAW_RTT_3000,62
ZEROMQ_RAW_RTT_3001,65
ZEROMQ_RAW_RTT_3002,72
ZEROMQ_RAW_RTT_3003,72
ZEROMQ_RAW_RTT_3004,71
ZEROMQ_RAW_RTT_3005,74
ZEROMQ_RAW_RTT_3006,66
ZEROMQ_RAW_RTT_3007,67
ZEROMQ_RAW_RTT_3008,66
ZEROMQ_RAW_RTT_3009,65
ZEROMQ_RAW_RTT_3010,68
ZEROMQ_RAW_RTT_3011,67
ZEROMQ_RAW_RTT_3012,69
ZEROMQ_RAW_RTT_3013,90
ZEROMQ_RAW_RTT_3014,66
ZEROMQ_RAW_RTT_3015,69
ZEROMQ_RAW_RTT_3016,69
ZEROMQ_RAW_RTT_3017,67
ZEROMQ_RAW_RTT_3018,68
ZEROMQ_RAW_RTT_3019,62
ZEROMQ_RAW_RTT_3020,66
ZEROMQ_RAW_RTT_3021,69
ZEROMQ_RAW_RTT_3022,120
ZEROMQ_RAW_RTT_3023,89
ZEROMQ_RAW_RTT_3024,72
ZEROMQ_RAW_RTT_3025,69
ZEROMQ_RAW_RTT_3026,75
ZEROMQ_RAW_RTT_3027,68
ZEROMQ_RAW_RTT_3028,79
ZEROMQ_RAW_RTT_3029,70
ZEROMQ_RAW_RTT_3030,72
ZEROMQ_RAW_RTT_3031,105
ZEROMQ_RAW_RTT_3032,76
ZEROMQ_RAW_RTT_3033,66
ZEROMQ_RAW_RTT_3034,69
ZEROMQ_RAW_RTT_3035,71
ZEROMQ_RAW_RTT_3036,67
ZEROMQ_RAW_RTT_3037,67
ZEROMQ_RAW_RTT_3038,66
ZEROMQ_RAW_RTT_3039,82
ZEROMQ_RAW_RTT_3040,70
ZEROMQ_RAW_RTT_3041,59
ZEROMQ_RAW_RTT_3042,71
ZEROMQ_RAW_RTT_3043,61
ZEROMQ_RAW_RTT_3044,67
ZEROMQ_RAW_RTT_3045,66
ZEROMQ_RAW_RTT_3046,69
ZEROMQ_RAW_RTT_3047,68
ZEROMQ_RAW_RTT_3048,68
ZEROMQ_RAW_RTT_3049,74
ZEROMQ_RAW_RTT_3050,67
ZEROMQ_RAW_RTT_3051,64
ZEROMQ_RAW_RTT_3052,61
ZEROMQ_RAW_RTT_3053,66
ZEROMQ_RAW_RTT_3054,66
ZEROMQ_RAW_RTT_3055,68
ZEROMQ_RAW_RTT_3056,68
ZEROMQ_RAW_RTT_3057,68
ZEROMQ_RAW_RTT_3058,71
ZEROMQ_RAW_RTT_3059,67
ZEROMQ_RAW_RTT_3060,67
ZEROMQ_RAW_RTT_3061,66
ZEROMQ_RAW_RTT_3062,64
ZEROMQ_RAW_RTT_3063,70
ZEROMQ_RAW_RTT_3064,67
ZEROMQ_RAW_RTT_3065,75
ZEROMQ_RAW_RTT_3066,71
ZEROMQ_RAW_RTT_3067,75
ZEROMQ_RAW_RTT_3068,75
ZEROMQ_RAW_RTT_3069,75
ZEROMQ_RAW_RTT_3070,72
ZEROMQ_RAW_RTT_3071,76
ZEROMQ_RAW_RTT_3072,73
ZEROMQ_RAW_RTT_3073,75
ZEROMQ_RAW_RTT_3074,73
ZEROMQ_RAW_RTT_3075,99
ZEROMQ_RAW_RTT_3076,68
ZEROMQ_RAW_RTT_3077,69
ZEROMQ_RAW_RTT_3078,72
ZEROMQ_RAW_RTT_3079,67
ZEROMQ_RAW_RTT_3080,71
ZEROMQ_RAW_RTT_3081,74
ZEROMQ_RAW_RTT_3082,76
ZEROMQ_RAW_RTT_3083,70
ZEROMQ_RAW_RTT_3084,80
ZEROMQ_RAW_RTT_3085,71
ZEROMQ_RAW_RTT_3086,67
ZEROMQ_RAW_RTT_3087,74
ZEROMQ_RAW_RTT_3088,67
ZEROMQ_RAW_RTT_3089,84
ZEROMQ_RAW_RTT_3090,72
ZEROMQ_RAW_RTT_3091,71
ZEROMQ_RAW_RTT_3092,73
ZEROMQ_RAW_RTT_3093,71
ZEROMQ_RAW_RTT_3094,85
ZEROMQ_RAW_RTT_3095,72
ZEROMQ_RAW_RTT_3096,70
ZEROMQ_RAW_RTT_3097,74
ZEROMQ_RAW_RTT_3098,73
ZEROMQ_RAW_RTT_3099,70
ZEROMQ_RAW_RTT_3100,70
ZEROMQ_RAW_RTT_3101,69
ZEROMQ_RAW_RTT_3102,69
ZEROMQ_RAW_RTT_3103,67
ZEROMQ_RAW_RTT_3104,71
ZEROMQ_RAW_RTT_3105,72
ZEROMQ_RAW_RTT_3106,69
ZEROMQ_RAW_RTT_3107,67
ZEROMQ_RAW_RTT_3108,73
ZEROMQ_RAW_RTT_3109,70
ZEROMQ_RAW_RTT_3110,74
ZEROMQ_RAW_RTT_3111,69
ZEROMQ_RAW_RTT_3112,70
ZEROMQ_RAW_RTT_3113,70
ZEROMQ_RAW_RTT_3114,75
ZEROMQ_RAW_RTT_3115,73
ZEROMQ_RAW_RTT_3116,68
ZEROMQ_RAW_RTT_3117,64
ZEROMQ_RAW_RTT_3118,73
ZEROMQ_RAW_RTT_3119,114
ZEROMQ_RAW_RTT_3120,72
ZEROMQ_RAW_RTT_3121,62
ZEROMQ_RAW_RTT_3122,63
ZEROMQ_RAW_RTT_3123,60
ZEROMQ_RAW_RTT_3124,63
ZEROMQ_RAW_RTT_3125,66
